year,month,station,pollutant,avg_value,median_value,max_value,min_value,std_value,records_count
2009,10,Centenario,CO,0.4972,0.49,1.0317,0.3017,0.155,22
2009,10,Centenario,NO2,27.8377,26.4732,50.0,18.125,6.8488,22
2009,10,Córdoba,NO2,27.8454,29.4792,47.6667,15.4167,8.1678,22
2009,10,La Boca,CO,0.216,0.1452,0.4527,0.1208,0.1583,4
2009,10,La Boca,NO2,24.7072,24.5208,46.3333,15.6667,6.9118,22
2009,10,Palermo,CO,0.7662,0.6908,1.3862,0.4525,0.2543,22
2009,11,Centenario,CO,0.7073,0.693,1.0,0.3675,0.1515,29
2009,11,Centenario,NO2,23.2065,21.875,37.125,14.0,6.1408,29
2009,11,Córdoba,NO2,24.0696,23.1739,32.4167,15.8333,4.676,29
2009,11,La Boca,NO2,22.3401,21.375,32.5417,13.8333,4.8274,29
2009,11,Palermo,CO,0.8545,0.8054,1.4329,0.5921,0.1899,29
2009,12,Centenario,CO,0.6692,0.6138,1.2017,0.4325,0.1815,29
2009,12,Centenario,NO2,20.702,19.9333,27.5714,13.3684,4.3426,30
2009,12,Córdoba,NO2,29.8707,27.6042,49.5833,17.9167,9.383,30
2009,12,La Boca,NO2,19.1228,18.875,37.2917,9.625,6.5465,30
2009,12,Palermo,CO,0.9133,0.9196,1.635,0.4262,0.2919,31
2010,1,Centenario,CO,0.3848,0.3931,0.4683,0.2845,0.0958,4
2010,1,Centenario,NO2,23.3148,17.6842,47.0,15.7083,11.5053,7
2010,1,Córdoba,CO,1.4066,1.4066,1.4775,1.3358,0.1002,2
2010,1,Córdoba,NO2,24.0278,22.0909,51.375,10.5833,8.4554,31
2010,1,La Boca,CO,0.9704,0.9704,1.0867,0.8542,0.1644,2
2010,1,La Boca,NO2,21.8323,21.0588,38.0833,12.6667,6.389,29
2010,1,Palermo,CO,0.7698,0.6971,1.5483,0.4121,0.2815,31
2010,2,Centenario,CO,1.0764,1.2154,1.3554,0.38,0.3492,11
2010,2,Centenario,NO2,23.9141,25.5208,29.125,13.9583,4.8222,12
2010,2,Córdoba,NO2,21.676,20.5417,36.3333,11.25,6.8388,23
2010,2,La Boca,CO,1.0576,1.0562,2.5217,0.1792,0.7654,10
2010,2,Palermo,CO,0.8588,0.8371,1.4808,0.365,0.2724,25
2010,3,Centenario,NO2,25.1589,23.462,36.625,18.2917,5.9284,10
2010,3,Córdoba,NO2,30.5707,28.8334,43.5417,19.5,6.3525,28
2010,3,La Boca,CO,0.2043,0.1747,0.4583,0.0795,0.0919,31
2010,3,La Boca,NO2,22.4959,21.5625,35.25,12.4167,5.0391,24
2010,3,Palermo,CO,1.0344,1.0446,1.5908,0.5617,0.2325,31
2010,4,Centenario,NO2,31.1024,28.5208,47.7917,20.1667,7.9293,26
2010,4,Córdoba,NO2,36.3455,36.7042,45.7083,26.125,5.1166,26
2010,4,La Boca,CO,0.3644,0.335,0.9208,0.0838,0.2388,29
2010,4,La Boca,NO2,27.9384,23.25,44.9167,12.75,9.2676,30
2010,4,Palermo,CO,1.3244,1.3792,2.2442,0.1658,0.4799,30
2010,5,Centenario,NO2,29.4182,25.2368,71.5,13.8,11.5137,28
2010,5,Córdoba,NO2,40.6454,37.75,56.1667,26.8333,8.8853,28
2010,5,La Boca,CO,0.4467,0.2667,2.6354,0.0725,0.5492,29
2010,5,La Boca,NO2,27.6194,25.5417,63.4167,11.5833,10.1372,29
2010,5,Palermo,CO,1.1324,1.0062,2.4042,0.5558,0.4052,29
2010,6,Centenario,NO2,27.7288,27.5,47.1667,17.0,6.2434,30
2010,6,Córdoba,CO,0.6912,0.62,1.6033,0.2133,0.3982,15
2010,6,Córdoba,NO2,34.1165,32.6042,48.3333,25.75,6.2926,30
2010,6,La Boca,CO,0.2591,0.1875,0.7108,0.0614,0.1778,29
2010,6,La Boca,NO2,26.1612,26.25,45.2727,15.5833,6.6257,29
2010,6,Palermo,CO,1.3542,1.3277,1.8625,0.905,0.2521,30
2010,7,Centenario,NO2,28.3759,26.5455,45.4167,15.6667,6.6368,29
2010,7,Córdoba,CO,0.9238,0.9158,2.0888,0.2046,0.5155,31
2010,7,Córdoba,NO2,31.4414,32.5,37.7083,20.6667,4.8285,13
2010,7,La Boca,CO,0.4705,0.2984,1.5942,0.1008,0.4066,28
2010,7,La Boca,NO2,29.5698,27.0,46.3333,18.5417,7.867,28
2010,8,Centenario,NO2,31.867,30.8182,62.3846,15.8636,9.7771,29
2010,8,Córdoba,CO,0.9699,0.9067,1.8421,0.253,0.4581,31
2010,8,La Boca,CO,0.3765,0.2788,1.2444,0.0781,0.2915,31
2010,8,La Boca,NO2,28.0448,27.7083,52.381,14.125,8.6912,31
2010,9,Centenario,NO2,25.5496,23.243,52.75,14.3333,8.9983,28
2010,9,Córdoba,CO,0.7035,0.6556,1.5421,0.181,0.3586,28
2010,9,La Boca,CO,0.2764,0.195,0.97,0.0667,0.2494,27
2010,9,La Boca,NO2,24.0043,22.2708,43.9167,13.0417,7.9013,28
2010,10,Centenario,CO,28.05,28.05,30.1,26.0,2.8991,2
2010,10,Centenario,NO2,24.1605,24.1907,44.6667,13.7222,6.683,28
2010,10,Córdoba,CO,0.583,0.47,1.6517,0.15,0.4153,31
2010,10,Córdoba,NO2,1.0,1.0,1.0,1.0,0.0,2
2010,10,La Boca,CO,1.0867,0.1217,16.9075,0.0647,3.6841,31
2010,10,La Boca,NO2,21.9863,21.0,33.6667,10.75,6.7075,31
2010,11,Centenario,NO2,24.0685,24.9697,35.3636,12.0,6.5033,30
2010,11,Córdoba,CO,0.5115,0.472,0.9579,0.1763,0.2403,30
2010,11,La Boca,CO,0.1735,0.139,0.8296,0.0545,0.147,29
2010,11,La Boca,NO2,22.9521,23.0834,37.7917,10.9583,6.8735,30
2010,12,Centenario,NO2,25.5177,24.125,51.3571,12.2083,8.6937,30
2010,12,Córdoba,CO,0.5249,0.4088,1.3633,0.1333,0.3428,29
2010,12,La Boca,CO,0.2488,0.2027,0.8333,0.0633,0.179,30
2010,12,La Boca,NO2,25.6139,24.0417,43.0,9.8333,9.4659,30
2011,1,Centenario,CO,0.2158,0.2158,0.2467,0.185,0.0436,2
2011,1,Centenario,NO2,17.3434,16.4792,27.9583,5.8333,5.8003,16
2011,1,Centenario,PM10,30.4133,31.9167,44.8333,13.0,7.9437,23
2011,1,Córdoba,CO,0.2805,0.2663,0.529,0.065,0.1373,25
2011,1,Córdoba,NO2,24.2733,23.6692,34.5833,18.75,3.9045,20
2011,1,Córdoba,PM10,14.16,10.75,28.1667,1.3333,10.4388,5
2011,1,La Boca,CO,0.1737,0.135,0.5308,0.0608,0.1107,25
2011,1,La Boca,NO2,17.2379,16.875,26.4583,7.4583,6.1995,17
2011,1,La Boca,PM10,18.8714,16.8333,32.8333,1.3333,12.235,5
2011,2,Centenario,NO2,20.4839,17.5882,31.9167,11.7727,7.2989,7
2011,2,Centenario,PM10,13.8008,13.8008,13.9545,13.6471,0.2174,2
2011,2,Córdoba,CO,0.4936,0.4062,2.1886,0.1408,0.4068,28
2011,2,Córdoba,NO2,18.9847,18.5834,26.0417,12.2083,3.3148,28
2011,2,Córdoba,PM10,36.7175,36.125,50.3333,24.5417,8.9418,22
2011,2,La Boca,CO,0.1275,0.1021,0.5761,0.0512,0.1066,27
2011,2,La Boca,NO2,20.9809,19.625,41.75,11.2083,7.329,28
2011,2,La Boca,PM10,32.4764,31.8125,46.875,18.8333,6.7298,12
2011,3,Centenario,NO2,20.76,20.7817,37.8824,1.0,7.2701,30
2011,3,Córdoba,CO,0.5089,0.4564,1.635,0.1158,0.3112,31
2011,3,Córdoba,NO2,24.4098,22.5417,43.3333,13.5833,7.6125,31
2011,3,Córdoba,PM10,29.8676,26.5,52.7083,17.0,7.8663,31
2011,3,La Boca,CO,0.1899,0.1414,0.545,0.055,0.1345,31
2011,3,La Boca,NO2,25.3042,22.6957,46.2917,11.125,10.2906,31
2011,3,La Boca,PM10,30.8535,29.8333,51.5,18.625,7.4331,31
2011,4,Centenario,NO2,26.7755,27.75,42.65,16.3333,6.2814,23
2011,4,Centenario,PM10,31.5708,32.8333,49.6667,18.7917,7.747,19
2011,4,Córdoba,CO,0.6016,0.5369,1.5496,0.1418,0.3301,30
2011,4,Córdoba,NO2,38.8151,39.5,59.5833,24.3333,6.6597,30
2011,4,Córdoba,PM10,37.7216,36.9583,55.8333,18.0,9.9495,29
2011,4,La Boca,CO,0.3334,0.2902,1.164,0.0773,0.2282,30
2011,4,La Boca,NO2,33.2159,32.2083,53.75,19.4167,8.1456,30
2011,4,La Boca,PM10,30.1504,30.875,48.4167,14.8333,9.1219,29
2011,5,Centenario,NO2,27.1713,25.5833,53.75,12.9583,7.8786,31
2011,5,Centenario,PM10,35.6875,29.0208,86.1667,19.0417,18.1138,30
2011,5,Córdoba,CO,0.6287,0.4942,1.9117,0.12,0.4278,31
2011,5,Córdoba,NO2,36.1994,34.9167,56.4167,25.4583,5.844,31
2011,5,Córdoba,PM10,43.0019,32.7917,95.0833,22.6667,21.3815,21
2011,5,La Boca,CO,0.3919,0.2914,1.8142,0.0847,0.3784,31
2011,5,La Boca,NO2,29.6784,28.9583,52.7083,11.625,9.0577,31
2011,5,La Boca,PM10,32.7312,27.2917,77.9167,15.7083,17.6946,31
2011,6,Centenario,CO,0.9001,0.8436,1.2567,0.6417,0.2409,8
2011,6,Centenario,NO2,25.2239,25.4792,42.5833,13.9583,6.0079,28
2011,6,Centenario,PM10,58.5362,45.25,185.4583,21.5,42.3868,27
2011,6,Córdoba,CO,0.9009,0.9344,1.7379,0.1279,0.4597,28
2011,6,Córdoba,NO2,35.6919,35.1929,44.6957,24.9583,4.7649,28
2011,6,Córdoba,PM10,51.9637,39.0,173.4167,15.7778,36.9993,30
2011,6,La Boca,CO,0.4651,0.34,2.1725,0.0977,0.4212,30
2011,6,La Boca,NO2,28.4863,27.5525,57.9167,13.875,8.5845,30
2011,6,La Boca,PM10,46.9361,39.6667,151.4167,14.1667,33.2429,30
2011,7,Centenario,CO,0.914,0.8179,1.6121,0.525,0.2783,31
2011,7,Centenario,NO2,28.6871,27.875,46.25,18.2083,7.4945,31
2011,7,Centenario,PM10,71.167,55.625,352.7917,16.75,62.5909,31
2011,7,Córdoba,CO,0.9958,0.9033,1.7867,0.2396,0.5149,29
2011,7,Córdoba,NO2,47.7497,48.2083,64.3333,30.2917,8.622,29
2011,7,Córdoba,PM10,60.4615,55.1042,151.5417,19.75,31.7038,26
2011,7,La Boca,CO,0.3924,0.2561,1.6262,0.0826,0.3693,29
2011,7,La Boca,NO2,33.146,30.7917,59.25,20.9167,9.1357,31
2011,7,La Boca,PM10,62.7356,47.25,324.4167,14.125,58.1503,31
2011,8,Centenario,CO,0.7562,0.7017,1.3971,0.4875,0.2238,29
2011,8,Centenario,NO2,24.6834,24.0455,38.875,15.1538,5.2676,29
2011,8,Centenario,PM10,37.4405,30.75,83.9167,16.619,16.4843,27
2011,8,Córdoba,CO,0.7821,0.6133,2.4191,0.1988,0.5191,29
2011,8,Córdoba,NO2,47.9209,45.8333,121.3,22.5833,20.1342,29
2011,8,Córdoba,PM10,33.6234,27.8333,76.5833,13.6667,15.3681,27
2011,8,La Boca,CO,0.2483,0.1819,1.1996,0.055,0.2326,31
2011,8,La Boca,NO2,34.1658,29.375,64.3333,17.375,13.4592,31
2011,8,La Boca,PM10,31.3736,27.7083,63.25,13.4583,13.0552,31
2011,9,Centenario,CO,0.7245,0.7277,1.1117,0.4475,0.1929,22
2011,9,Centenario,NO2,24.87,22.7084,40.619,15.2917,7.1315,22
2011,9,Centenario,PM10,44.9907,41.2292,86.4583,17.8333,17.027,30
2011,9,Córdoba,CO,0.5115,0.3942,1.4008,0.1229,0.3223,28
2011,9,Córdoba,NO2,37.3486,34.5417,70.875,22.0,11.5541,25
2011,9,Córdoba,PM10,41.6364,41.3333,86.1667,16.5833,16.5366,29
2011,9,La Boca,CO,0.3088,0.2618,0.9542,0.0776,0.213,29
2011,9,La Boca,NO2,31.3628,29.4958,54.5,12.375,11.6337,30
2011,9,La Boca,PM10,44.8808,41.8958,88.3333,18.2917,17.0915,30
2011,10,Centenario,CO,0.5942,0.5894,0.8396,0.3958,0.1186,30
2011,10,Centenario,NO2,20.9767,20.45,31.5455,11.6667,4.3135,30
2011,10,Centenario,PM10,36.8306,31.3333,119.8333,14.3333,24.1218,31
2011,10,Córdoba,CO,0.2959,0.2824,0.6021,0.1059,0.0994,31
2011,10,Córdoba,PM10,35.6667,29.25,164.125,12.875,31.3746,31
2011,10,La Boca,CO,0.1327,0.1193,0.3429,0.06,0.0629,29
2011,10,La Boca,NO2,22.9739,22.1667,44.2083,13.3333,6.6343,31
2011,10,La Boca,PM10,36.871,28.5833,139.75,12.2083,28.8756,31
2011,11,Centenario,CO,0.548,0.5024,0.875,0.265,0.1762,28
2011,11,Centenario,NO2,21.4379,21.1044,29.7857,11.3333,3.7623,28
2011,11,Centenario,PM10,47.1956,28.2083,169.8571,19.9583,37.7516,27
2011,11,Córdoba,CO,0.2976,0.2746,0.5542,0.1333,0.1199,30
2011,11,Córdoba,PM10,48.1917,33.1667,162.7083,18.9583,35.7615,30
2011,11,La Boca,CO,0.1488,0.1287,0.44,0.0533,0.087,29
2011,11,La Boca,NO2,25.1797,24.4166,41.0833,13.0417,6.7662,30
2011,11,La Boca,PM10,48.6667,34.6667,142.0,18.6667,33.5339,30
2011,12,Centenario,CO,0.4826,0.4562,0.7383,0.2862,0.1052,29
2011,12,Centenario,NO2,16.3412,14.9583,27.2727,8.7917,5.1297,29
2011,12,Centenario,PM10,25.7764,24.7292,38.5417,15.125,5.7397,28
2011,12,Córdoba,CO,0.3611,0.292,1.2317,0.07,0.2735,31
2011,12,Córdoba,PM10,26.6089,26.4792,38.125,13.7083,7.2386,30
2011,12,La Boca,CO,0.1021,0.0946,0.2708,0.05,0.0525,27
2011,12,La Boca,NO2,18.4382,17.75,39.2917,10.7083,6.7753,31
2011,12,La Boca,PM10,25.4279,24.9583,43.2353,12.0,7.1407,31
2012,1,Centenario,CO,0.4011,0.3895,0.6217,0.2312,0.086,30
2012,1,Centenario,NO2,15.1444,14.9194,24.7917,7.0,4.9716,30
2012,1,Centenario,PM10,30.5232,27.4167,50.2917,19.1667,8.8547,29
2012,1,Córdoba,CO,0.2528,0.2298,0.74,0.0827,0.149,30
2012,1,Córdoba,NO2,19.2233,19.0769,36.2917,3.0,7.7752,27
2012,1,Córdoba,PM10,26.4175,24.6667,45.5,14.9167,7.7829,29
2012,1,La Boca,CO,0.0985,0.0849,0.2871,0.05,0.0511,28
2012,1,La Boca,NO2,20.9818,19.0417,59.5714,9.0417,10.8614,19
2012,1,La Boca,PM10,29.1362,25.9167,60.9,13.3333,10.7161,29
2012,2,Centenario,CO,0.45,0.4617,0.5742,0.255,0.0888,29
2012,2,Centenario,NO2,14.363,14.0,27.3333,5.4615,4.8786,29
2012,2,Centenario,PM10,30.9456,29.5208,49.125,17.5833,7.7302,28
2012,2,Córdoba,CO,0.278,0.249,0.61,0.1046,0.135,29
2012,2,Córdoba,NO2,25.7739,23.7917,44.5833,15.2917,6.7062,29
2012,2,Córdoba,PM10,24.2905,22.3333,45.0,13.0,8.4827,27
2012,2,La Boca,CO,0.1438,0.1504,0.2517,0.055,0.049,29
2012,2,La Boca,PM10,25.2831,23.9167,41.9167,15.25,6.9876,29
2012,3,Centenario,CO,0.4529,0.4417,0.7164,0.2454,0.1011,31
2012,3,Centenario,NO2,13.8293,12.625,24.4783,7.0,4.2566,31
2012,3,Centenario,PM10,32.8475,30.4834,57.4583,17.5417,10.3539,30
2012,3,Córdoba,CO,0.3699,0.3562,0.7412,0.06,0.1982,30
2012,3,Córdoba,NO2,23.8486,23.6042,34.7083,16.2083,4.8625,30
2012,3,Córdoba,PM10,27.2876,26.0,43.9333,14.2917,8.5077,28
2012,3,La Boca,CO,0.1438,0.1206,0.3635,0.0712,0.0668,30
2012,3,La Boca,PM10,26.1174,22.625,63.4167,14.5,10.1051,31
2012,4,Centenario,CO,0.5798,0.5534,0.9408,0.3158,0.1866,22
2012,4,Centenario,NO2,18.0596,17.9091,28.1667,7.125,5.5503,25
2012,4,Centenario,PM10,42.4629,40.75,98.0,23.5833,15.8905,25
2012,4,Córdoba,CO,0.4824,0.4175,1.0464,0.1525,0.2609,27
2012,4,Córdoba,NO2,28.0065,26.3333,44.4583,15.9167,8.7254,27
2012,4,Córdoba,PM10,31.3174,28.0834,51.5,19.0417,8.2903,26
2012,4,La Boca,CO,0.1991,0.1367,0.5958,0.0782,0.126,25
2012,4,La Boca,PM10,33.0061,30.6667,106.5,15.875,17.5416,25
2012,5,Centenario,CO,0.7172,0.7023,1.4675,0.3571,0.2213,30
2012,5,Centenario,NO2,18.9662,17.5455,30.3333,12.25,4.5101,31
2012,5,Centenario,PM10,32.1962,33.125,53.0417,18.5833,8.0067,31
2012,5,Córdoba,CO,0.5677,0.4467,1.564,0.08,0.3936,31
2012,5,Córdoba,NO2,42.1387,39.3417,65.6667,16.625,14.4545,26
2012,5,Córdoba,PM10,26.0936,24.6042,49.5714,12.45,8.2312,30
2012,5,La Boca,CO,0.2595,0.2144,0.5546,0.1004,0.131,31
2012,5,La Boca,NO2,24.1901,21.9565,39.5833,17.1667,6.5209,15
2012,5,La Boca,PM10,25.4624,23.875,42.2083,15.5417,6.981,31
2012,6,Centenario,CO,0.7425,0.6908,1.6656,0.3521,0.3113,30
2012,6,Centenario,NO2,20.3865,20.1458,28.0,12.625,4.3196,30
2012,6,Centenario,PM10,37.8306,35.3125,58.5417,21.0,10.3179,30
2012,6,Córdoba,CO,0.6419,0.5308,1.8062,0.1488,0.3671,28
2012,6,Córdoba,NO2,44.5697,45.2292,64.0,24.3333,10.4381,28
2012,6,Córdoba,PM10,28.5818,26.7292,48.125,16.2917,7.5416,26
2012,6,La Boca,CO,0.3652,0.339,1.0725,0.05,0.2396,30
2012,6,La Boca,NO2,30.7043,30.8333,45.0909,14.75,9.7135,24
2012,6,La Boca,PM10,29.7597,29.5416,49.2917,14.4167,9.0593,30
2012,7,Centenario,CO,0.8064,0.7479,1.3112,0.3979,0.235,28
2012,7,Centenario,NO2,24.6755,24.2381,36.375,15.2917,5.5265,29
2012,7,Centenario,PM10,48.7341,40.0773,89.5,15.0,21.1394,22
2012,7,Córdoba,CO,0.7032,0.6721,1.6245,0.1217,0.3525,29
2012,7,Córdoba,NO2,50.4998,46.3321,79.75,27.5,12.6931,28
2012,7,Córdoba,PM10,33.3474,32.1304,61.7917,11.4167,12.8949,17
2012,7,La Boca,CO,0.3723,0.323,1.0171,0.0821,0.2473,31
2012,7,La Boca,NO2,35.5387,32.1667,65.7083,16.7083,13.3724,31
2012,7,La Boca,PM10,36.7594,34.75,69.0833,13.9167,14.7054,31
2012,8,Centenario,CO,0.7801,0.7773,1.1588,0.4008,0.2146,28
2012,8,Centenario,NO2,20.4586,21.9499,28.9583,11.0833,4.6882,28
2012,8,Córdoba,CO,0.5912,0.5683,1.345,0.2037,0.2623,31
2012,8,Córdoba,NO2,54.4582,51.5909,83.5263,32.0833,13.4684,31
2012,8,La Boca,CO,0.3031,0.2455,0.6883,0.05,0.1915,29
2012,8,La Boca,NO2,35.5192,31.7292,75.2083,15.7917,13.533,30
2012,8,La Boca,PM10,23.8441,23.875,39.0417,10.4167,8.2792,31
2012,9,Centenario,CO,0.5512,0.5204,0.9254,0.3022,0.1637,29
2012,9,Centenario,NO2,18.8795,17.875,40.5,12.0909,5.9015,30
2012,9,Centenario,PM10,30.039,28.5,41.9167,18.9583,6.4775,19
2012,9,Córdoba,CO,0.4551,0.4426,0.9233,0.1575,0.2071,30
2012,9,Córdoba,NO2,34.7569,34.7292,49.1667,18.875,6.7303,30
2012,9,Córdoba,PM10,24.6289,24.125,35.0417,15.875,5.764,17
2012,9,La Boca,CO,0.2137,0.1324,0.9765,0.0525,0.2181,28
2012,9,La Boca,NO2,30.0131,29.75,50.875,15.0417,11.0104,22
2012,9,La Boca,PM10,26.3958,23.4375,46.25,12.75,8.5144,30
2012,10,Centenario,CO,0.588,0.525,1.5521,0.3771,0.2335,26
2012,10,Centenario,NO2,17.724,16.8693,37.8333,12.0833,5.1498,26
2012,10,Centenario,PM10,26.468,25.8334,43.2917,12.9583,7.3446,26
2012,10,Córdoba,CO,0.5216,0.4529,1.2162,0.1506,0.2663,31
2012,10,Córdoba,NO2,46.4224,37.5833,88.5417,20.7917,19.567,31
2012,10,Córdoba,PM10,21.694,21.0417,31.4167,11.1667,5.5316,31
2012,10,La Boca,CO,0.1484,0.092,1.0954,0.0581,0.1884,30
2012,10,La Boca,NO2,24.341,23.6042,50.625,9.2,8.9381,28
2012,10,La Boca,PM10,21.6575,20.75,46.2083,8.7692,8.5958,31
2012,11,Centenario,CO,0.4877,0.4614,0.8458,0.27,0.1576,26
2012,11,Centenario,NO2,16.7565,14.9375,33.3077,9.0833,6.5562,26
2012,11,Centenario,PM10,29.8483,28.2083,50.2174,16.7917,7.3482,25
2012,11,Córdoba,CO,0.4065,0.336,1.1353,0.1281,0.2311,30
2012,11,Córdoba,NO2,31.4456,30.2292,48.8333,18.6667,7.276,30
2012,11,Córdoba,PM10,29.441,29.441,38.4444,20.4375,12.7328,2
2012,11,La Boca,CO,0.1545,0.1289,0.3912,0.056,0.0969,26
2012,11,La Boca,NO2,26.9189,22.9375,55.3636,13.9167,12.6655,30
2012,11,La Boca,PM10,29.3492,28.0417,50.0,14.75,8.5617,29
2012,12,Centenario,CO,0.5265,0.5046,0.7118,0.3608,0.1048,25
2012,12,Centenario,NO2,14.4388,13.2084,26.5,7.3846,4.9442,24
2012,12,Centenario,PM10,36.5107,31.9584,92.6,18.7083,15.8039,22
2012,12,Córdoba,CO,0.3638,0.3662,0.9529,0.0625,0.205,31
2012,12,Córdoba,NO2,35.0935,36.25,61.6667,11.7917,14.1111,31
2012,12,Córdoba,PM10,30.3572,25.9375,80.5,13.7917,15.0927,22
2012,12,La Boca,CO,0.1523,0.1281,0.425,0.0622,0.0783,30
2012,12,La Boca,NO2,21.9894,21.4167,39.1667,8.1667,7.9641,31
2012,12,La Boca,PM10,32.472,28.6666,88.9167,16.25,15.0587,30
2013,1,Centenario,CO,0.4677,0.4504,0.6846,0.2117,0.1516,11
2013,1,Centenario,NO2,13.4251,13.5417,25.4167,4.9583,5.2124,11
2013,1,Centenario,PM10,32.2711,29.6667,57.2917,22.875,9.872,11
2013,1,Córdoba,CO,0.2493,0.2192,0.4746,0.1033,0.1125,29
2013,1,Córdoba,NO2,24.5661,23.375,50.0417,12.2917,7.8314,29
2013,1,Córdoba,PM10,25.3188,25.125,42.6667,11.6667,11.0548,10
2013,1,La Boca,CO,0.0874,0.0727,0.1643,0.05,0.0359,21
2013,1,La Boca,NO2,16.4848,16.25,30.25,3.2917,6.0082,25
2013,1,La Boca,PM10,24.2891,22.75,42.5,12.2917,8.1975,24
2013,2,Centenario,CO,0.3995,0.41,0.5117,0.3038,0.0789,11
2013,2,Centenario,NO2,20.9721,19.4167,35.9167,14.4583,5.6799,11
2013,2,Centenario,PM10,38.5145,31.9517,74.5,22.1667,17.1057,10
2013,2,Córdoba,CO,0.3155,0.3075,0.6155,0.1575,0.1213,23
2013,2,Córdoba,NO2,23.8577,23.625,40.0,12.5,7.7193,17
2013,2,Córdoba,PM10,24.5261,21.5,43.6667,17.0833,7.9714,19
2013,2,La Boca,CO,0.0913,0.0962,0.1567,0.05,0.0293,20
2013,2,La Boca,NO2,12.9735,12.0833,26.4167,7.6364,4.798,20
2013,2,La Boca,PM10,25.4167,22.4167,65.8333,11.625,10.9485,28
2013,3,Centenario,CO,0.4965,0.4458,1.3387,0.3042,0.1889,30
2013,3,Centenario,NO2,32.2922,30.1875,77.8333,11.125,15.6422,30
2013,3,Centenario,PM10,33.1106,28.25,68.75,15.125,14.3655,29
2013,3,Córdoba,CO,0.3605,0.3521,0.7467,0.1053,0.1856,31
2013,3,Córdoba,PM10,25.0153,24.096,41.3333,12.2857,7.8781,30
2013,3,La Boca,CO,0.1207,0.0782,0.5173,0.05,0.0974,27
2013,3,La Boca,NO2,15.318,14.4167,25.25,7.5417,4.2588,31
2013,3,La Boca,PM10,23.4279,23.0833,38.4737,10.7917,7.1014,31
2013,4,Centenario,CO,0.6495,0.576,1.1317,0.3517,0.2112,28
2013,4,Centenario,NO2,22.2438,21.3958,32.7273,15.2083,4.6445,22
2013,4,Centenario,PM10,27.9486,25.0,43.7917,13.8571,8.6021,27
2013,4,Córdoba,CO,0.3922,0.3633,1.0158,0.1413,0.1862,30
2013,4,Córdoba,PM10,24.0942,23.1542,39.0833,16.2917,5.8062,30
2013,4,La Boca,CO,0.1677,0.1243,0.4645,0.05,0.1091,30
2013,4,La Boca,NO2,16.4842,15.9584,28.2917,8.0833,4.5661,30
2013,4,La Boca,PM10,26.3278,24.5,47.1304,13.7083,8.7928,29
2013,5,Centenario,CO,0.7238,0.7333,1.0471,0.3362,0.2015,31
2013,5,Centenario,NO2,21.0765,21.1905,29.9167,11.6667,3.9604,31
2013,5,Centenario,PM10,29.5907,27.5833,52.0417,16.125,8.8835,31
2013,5,Córdoba,CO,0.5399,0.5979,1.0079,0.1557,0.2699,21
2013,5,Córdoba,NO2,46.7884,48.2632,84.1667,21.1667,17.3337,22
2013,5,Córdoba,PM10,25.1573,24.7917,47.0833,13.5417,7.4082,31
2013,5,La Boca,CO,0.1907,0.1517,0.4962,0.066,0.1101,21
2013,5,La Boca,NO2,22.8396,21.5833,52.6667,8.2917,9.3781,21
2013,5,La Boca,PM10,26.2579,25.25,42.0833,12.0833,9.2613,21
2013,6,Centenario,CO,0.8025,0.7238,1.3967,0.3371,0.2775,30
2013,6,Centenario,NO2,23.4204,24.1042,29.9583,16.875,3.4817,30
2013,6,Centenario,PM10,39.7097,35.0417,75.7083,23.7083,13.6562,30
2013,6,Córdoba,NO2,49.8722,49.3333,90.9167,19.1667,15.7705,30
2013,6,Córdoba,PM10,33.7403,31.5417,64.1667,18.9167,11.2425,30
2013,7,Centenario,CO,0.8561,0.7775,2.9192,0.4946,0.4205,31
2013,7,Centenario,NO2,20.4345,18.6326,30.5833,13.3333,5.1922,26
2013,7,Centenario,PM10,30.8273,25.8625,85.0,13.7917,14.1338,30
2013,7,Córdoba,NO2,71.0932,77.5417,102.9167,28.0833,24.265,19
2013,7,Córdoba,PM10,25.8134,25.0833,42.875,15.4167,7.7209,19
2013,7,La Boca,CO,0.1644,0.1644,0.2506,0.0783,0.1218,2
2013,7,La Boca,NO2,17.743,17.743,19.1111,16.375,1.9347,2
2013,7,La Boca,PM10,36.0,36.0,36.1667,35.8333,0.2357,2
2013,8,Centenario,CO,0.6924,0.7038,1.1944,0.3525,0.1991,31
2013,8,Centenario,PM10,38.1586,36.9583,83.4167,18.0417,12.5065,31
2013,8,La Boca,CO,0.1821,0.17,0.4317,0.065,0.0891,29
2013,8,La Boca,NO2,12.1593,11.7916,24.5833,3.4545,5.67,30
2013,8,La Boca,PM10,33.5108,33.625,74.875,14.0833,11.9193,31
2013,9,Centenario,CO,0.5907,0.6033,0.9954,0.1481,0.228,23
2013,9,Centenario,PM10,25.5789,22.3,55.8333,8.4167,10.9078,21
2013,9,La Boca,CO,0.1389,0.1062,0.4162,0.0522,0.0943,25
2013,9,La Boca,NO2,13.9497,12.5,23.7083,6.5,4.7008,30
2013,9,La Boca,PM10,23.4597,19.9584,44.9167,7.75,10.0865,30
2013,10,Centenario,CO,0.425,0.3911,1.0121,0.2204,0.1604,29
2013,10,Centenario,NO2,21.3492,19.375,44.3333,13.4583,6.6159,27
2013,10,Centenario,PM10,24.7392,23.3333,42.375,16.0833,6.6443,27
2013,10,La Boca,CO,0.1235,0.07,0.3933,0.05,0.0966,23
2013,10,La Boca,NO2,13.3383,12.087,26.0,9.625,3.4348,31
2013,10,La Boca,PM10,23.2137,21.8333,38.2917,14.5833,6.2343,31
2013,11,Centenario,CO,0.4095,0.3866,0.64,0.2788,0.0967,30
2013,11,Centenario,NO2,16.2493,16.0,24.5,11.9167,3.9043,13
2013,11,Centenario,PM10,23.5278,22.1458,39.625,11.4583,7.0766,30
2013,11,La Boca,CO,0.1006,0.0835,0.2857,0.05,0.0513,26
2013,11,La Boca,NO2,10.9751,11.0,17.7917,3.7083,3.1557,30
2013,11,La Boca,PM10,21.9694,22.625,36.625,8.375,7.0703,30
2013,12,Centenario,CO,0.4344,0.4375,0.7,0.22,0.1096,31
2013,12,Centenario,NO2,20.2143,19.0417,36.5,11.6667,6.4872,31
2013,12,Centenario,PM10,33.0564,33.0417,56.1667,18.375,10.558,31
2013,12,La Boca,CO,0.1082,0.0968,0.2338,0.056,0.0456,26
2013,12,La Boca,NO2,13.4469,12.6842,22.9583,6.75,4.83,29
2013,12,La Boca,PM10,34.7716,34.2917,53.5417,24.7917,7.8362,23
2014,1,Centenario,CO,0.4137,0.4225,0.6188,0.1896,0.137,31
2014,1,Centenario,NO2,15.7894,15.75,26.125,7.6667,4.724,31
2014,1,Centenario,PM10,26.0108,25.5833,37.1667,19.4167,4.6302,31
2014,1,Córdoba,CO,0.8386,0.785,0.95,0.7808,0.0965,3
2014,1,La Boca,CO,0.1178,0.1125,0.29,0.05,0.0512,29
2014,1,La Boca,NO2,12.3884,11.2083,23.5,5.7083,4.8433,31
2014,1,La Boca,PM10,25.6498,24.5833,35.0,17.0417,5.2202,17
2014,2,Centenario,CO,0.4538,0.4418,0.8812,0.1146,0.1961,28
2014,2,Centenario,NO2,14.2448,13.9584,24.375,6.7917,4.4753,28
2014,2,Centenario,PM10,22.5729,21.0,37.25,11.2917,6.0616,28
2014,2,Córdoba,CO,0.7379,0.7392,1.0353,0.3996,0.1832,21
2014,2,La Boca,CO,0.1138,0.0866,0.3512,0.05,0.0758,24
2014,2,La Boca,NO2,11.0545,11.0833,19.25,5.9167,3.1001,25
2014,2,La Boca,PM10,22.9949,22.4792,37.2917,14.0833,5.734,24
2014,3,Centenario,CO,0.5048,0.4854,0.6879,0.3267,0.1037,31
2014,3,Centenario,NO2,16.0249,16.0,24.0,7.6667,3.5639,31
2014,3,Centenario,PM10,23.6707,24.375,35.9583,14.2083,5.063,31
2014,3,Córdoba,CO,0.5978,0.6104,0.9988,0.1938,0.1939,26
2014,3,Córdoba,NO2,22.1174,22.1174,25.8182,18.4167,5.2337,2
2014,3,La Boca,CO,0.1022,0.0864,0.1894,0.05,0.0429,24
2014,3,La Boca,NO2,11.817,11.4583,21.7083,6.5833,3.7234,27
2014,3,La Boca,PM10,23.623,24.0417,34.125,13.6667,4.7997,31
2014,4,Centenario,CO,0.5616,0.5058,1.1008,0.1404,0.2217,30
2014,4,Centenario,NO2,17.2441,17.6818,28.4583,8.9583,4.5916,23
2014,4,Centenario,PM10,27.6336,28.2292,44.0833,15.6667,6.2552,30
2014,4,Córdoba,CO,0.6521,0.6146,1.1154,0.3404,0.211,30
2014,4,La Boca,CO,0.2406,0.2178,0.7643,0.055,0.1792,27
2014,4,La Boca,NO2,13.5236,12.1458,23.4583,7.7083,4.7058,30
2014,4,La Boca,PM10,27.1481,26.875,53.5833,18.0833,7.2637,30
2014,5,Centenario,CO,0.6542,0.6029,1.6325,0.3,0.2724,25
2014,5,Centenario,NO2,19.9092,19.5,30.625,12.875,4.2519,17
2014,5,Centenario,PM10,25.3871,22.7917,51.3333,15.1667,7.914,31
2014,5,Córdoba,CO,0.8002,0.7908,1.2971,0.4275,0.2211,31
2014,5,Córdoba,PM10,20.5417,20.125,38.1667,10.3333,6.1428,24
2014,5,La Boca,CO,0.364,0.3533,0.8375,0.2375,0.113,31
2014,5,La Boca,NO2,13.2704,12.5909,21.5,9.125,2.8499,31
2014,5,La Boca,PM10,21.5146,20.881,28.7917,14.2083,4.6985,28
2014,6,Centenario,CO,1.9914,0.7233,21.9925,0.4429,4.798,30
2014,6,Centenario,NO2,23.096,22.8125,35.0833,14.5652,5.1908,30
2014,6,Centenario,PM10,27.961,24.4375,64.4583,1.0,14.9339,28
2014,6,Córdoba,CO,2.2197,0.9162,22.6796,0.4908,5.1123,30
2014,6,Córdoba,PM10,23.3632,21.4792,41.9375,11.625,8.9415,30
2014,6,La Boca,CO,1.6385,0.4192,18.2042,0.2462,4.5428,29
2014,6,La Boca,NO2,16.9486,16.8333,31.5833,10.8182,4.5084,29
2014,6,La Boca,PM10,26.7239,24.8542,62.2632,15.1667,10.7314,28
2014,7,Centenario,CO,0.6239,0.6358,0.9242,0.3183,0.1524,31
2014,7,Centenario,NO2,19.4216,18.9583,25.8333,11.3333,3.781,31
2014,7,Centenario,PM10,23.3992,23.7917,39.9167,8.7083,6.7244,31
2014,7,Córdoba,CO,0.7226,0.6957,1.0887,0.4138,0.2006,22
2014,7,Córdoba,PM10,18.6858,18.625,34.4167,8.6667,5.7864,21
2014,7,La Boca,CO,0.3694,0.3662,0.6533,0.2225,0.1065,29
2014,7,La Boca,NO2,16.9899,16.6875,28.3077,10.0417,4.6171,22
2014,7,La Boca,PM10,23.4328,23.4167,45.75,7.625,7.2307,31
2014,8,Centenario,CO,0.6589,0.605,1.0117,0.4167,0.1515,31
2014,8,Centenario,NO2,19.5491,20.3182,25.6667,8.4583,3.9689,31
2014,8,Centenario,PM10,27.4637,28.625,42.125,11.375,7.7763,31
2014,8,Córdoba,CO,0.6604,0.6273,0.9883,0.3717,0.1769,26
2014,8,Córdoba,PM10,22.6227,21.875,38.4167,7.9583,7.1226,27
2014,8,La Boca,CO,0.3347,0.3375,0.54,0.1183,0.1015,31
2014,8,La Boca,NO2,21.1116,21.4167,36.4167,7.5833,6.8498,31
2014,8,La Boca,PM10,28.0349,29.25,45.3333,10.125,7.9366,31
2014,9,Centenario,CO,0.5195,0.5162,0.7612,0.2917,0.1279,30
2014,9,Centenario,NO2,16.2851,16.8542,25.0,7.4167,4.0717,30
2014,9,Centenario,PM10,19.4583,18.4792,34.625,9.5833,5.804,30
2014,9,Córdoba,CO,0.4903,0.4598,0.826,0.095,0.1748,28
2014,9,Córdoba,NO2,17.7054,17.875,28.625,7.4167,5.9153,12
2014,9,Córdoba,PM10,17.7141,17.125,30.9167,10.75,5.3843,29
2014,9,La Boca,CO,0.268,0.2533,0.4417,0.2042,0.0555,28
2014,9,La Boca,NO2,14.4918,13.5833,29.8571,6.75,5.3935,28
2014,9,La Boca,PM10,19.6369,19.3958,36.2083,8.9167,6.0417,30
2014,10,Centenario,CO,0.4498,0.4267,0.9,0.1362,0.1835,31
2014,10,Centenario,NO2,16.8953,15.875,29.6667,10.9167,4.9245,31
2014,10,Centenario,PM10,21.8355,21.0,36.9167,13.25,5.0869,30
2014,10,Córdoba,CO,0.3815,0.4021,0.6892,0.1221,0.1661,31
2014,10,Córdoba,NO2,11.2894,10.625,22.4167,5.125,3.4726,31
2014,10,Córdoba,PM10,22.9027,21.375,41.625,10.625,7.8231,31
2014,10,La Boca,CO,0.282,0.2642,0.53,0.1686,0.074,26
2014,10,La Boca,NO2,14.8734,13.0,27.5,4.3333,5.5377,25
2014,10,La Boca,PM10,25.1076,24.875,41.875,12.1667,7.2491,30
2014,11,Centenario,CO,0.5803,0.5506,0.9725,0.2513,0.1592,30
2014,11,Centenario,NO2,14.5192,14.1875,27.0833,6.25,5.3167,30
2014,11,Centenario,PM10,24.0611,23.9584,39.4167,6.0,8.0134,30
2014,11,Córdoba,CO,0.1762,0.1194,1.0738,0.075,0.2,30
2014,11,Córdoba,NO2,5.8684,5.5,11.5385,2.2917,2.2502,29
2014,11,Córdoba,PM10,22.1976,21.9,37.2917,10.9583,7.0586,16
2014,11,La Boca,CO,0.162,0.162,0.162,0.162,0.0,1
2014,11,La Boca,NO2,3.6667,3.6667,3.6667,3.6667,0.0,1
2014,11,La Boca,PM10,13.5,13.5833,17.7917,9.125,4.334,3
2014,12,Centenario,CO,0.5949,0.5933,0.8779,0.3021,0.1756,27
2014,12,Centenario,NO2,15.2836,14.007,27.0,6.0833,4.8972,28
2014,12,Centenario,PM10,25.0404,24.0417,35.2083,18.375,5.3264,11
2014,12,Córdoba,CO,1.1767,0.3088,15.4942,0.1096,3.2863,31
2014,12,Córdoba,NO2,15.2416,14.75,27.0,7.1304,4.6074,31
2014,12,Córdoba,PM10,29.0255,28.9584,47.6667,16.9167,10.3712,12
2014,12,La Boca,CO,0.7808,0.7808,0.7808,0.7808,0.0,1
2014,12,La Boca,NO2,19.3333,19.3333,19.3333,19.3333,0.0,1
2015,1,Centenario,CO,0.7709,0.7879,1.0633,0.455,0.1374,22
2015,1,Centenario,NO2,12.5477,12.0,20.9583,6.3333,3.4113,31
2015,1,Centenario,PM10,27.3616,26.9167,49.9167,19.3333,6.7247,31
2015,1,Córdoba,CO,0.3522,0.3521,0.5904,0.1958,0.0944,31
2015,1,Córdoba,NO2,16.2584,15.8,30.8333,9.75,4.1268,31
2015,1,Córdoba,PM10,20.3958,20.3958,21.7917,19.0,1.974,2
2015,1,La Boca,CO,0.29,0.2458,1.01,0.1467,0.1773,21
2015,1,La Boca,NO2,12.75,13.3333,14.0,10.9167,1.6223,3
2015,1,La Boca,PM10,22.6439,21.5833,32.5833,13.25,5.5682,19
2015,2,Centenario,CO,0.3573,0.3422,0.645,0.1407,0.1043,24
2015,2,Centenario,NO2,11.7171,10.0208,21.0,7.75,4.0711,28
2015,2,Centenario,PM10,26.9405,24.0417,57.75,16.75,8.7856,28
2015,2,Córdoba,CO,0.3181,0.3135,0.5238,0.1871,0.0884,28
2015,2,Córdoba,NO2,13.4163,13.0,25.2083,5.8,4.2722,27
2015,2,Córdoba,PM10,28.2812,27.4584,51.0417,15.25,7.1664,28
2015,2,La Boca,CO,0.189,0.183,0.3196,0.1026,0.0524,28
2015,2,La Boca,NO2,9.4479,8.8958,18.4348,5.5217,3.2545,28
2015,2,La Boca,PM10,29.8974,29.1458,49.75,17.0,7.7878,28
2015,3,Centenario,CO,0.3808,0.375,0.6392,0.1896,0.0991,31
2015,3,Centenario,NO2,14.462,14.1667,30.25,7.8333,4.0676,31
2015,3,Centenario,PM10,29.0376,27.7083,74.4583,15.4167,10.9303,31
2015,3,Córdoba,CO,0.3402,0.3404,0.6096,0.1579,0.1249,28
2015,3,Córdoba,NO2,14.2284,13.5729,27.2174,8.5714,4.3064,28
2015,3,Córdoba,PM10,30.1707,28.5,62.5833,18.9167,8.3035,31
2015,3,La Boca,CO,0.294,0.2888,0.4667,0.1533,0.0684,31
2015,3,La Boca,NO2,11.9383,12.125,26.1667,4.0833,4.328,31
2015,3,La Boca,PM10,36.0657,32.4583,80.625,20.75,16.4058,16
2015,4,Centenario,CO,0.4604,0.4393,0.895,0.1841,0.1859,30
2015,4,Centenario,NO2,17.8061,17.0625,31.9545,10.9091,5.2269,30
2015,4,Centenario,PM10,28.5356,30.2292,53.75,5.4,11.9446,30
2015,4,Córdoba,CO,0.3178,0.276,0.6013,0.1496,0.1412,28
2015,4,Córdoba,NO2,18.0703,17.2083,25.5833,12.1667,4.1593,17
2015,4,Córdoba,PM10,30.5051,30.25,48.0,12.0417,7.511,29
2015,4,La Boca,CO,0.3527,0.3406,0.6196,0.2188,0.1062,30
2015,4,La Boca,NO2,14.8235,14.1875,23.0833,5.1667,4.5574,30
2015,4,La Boca,PM10,29.2661,26.9375,74.0417,13.6667,13.2155,30
2015,5,Centenario,CO,0.6181,0.5629,1.55,0.3058,0.2169,31
2015,5,Centenario,NO2,18.1537,18.5417,33.5417,10.5,4.8306,31
2015,5,Centenario,PM10,34.8831,27.4167,124.0833,17.2917,21.1878,31
2015,5,Córdoba,CO,0.5288,0.5224,1.4217,0.2221,0.2105,30
2015,5,Córdoba,NO2,27.6742,27.6742,28.1818,27.1667,0.7178,2
2015,5,Córdoba,PM10,31.5242,25.0,136.5833,15.1667,23.7144,29
2015,5,La Boca,CO,0.3415,0.3017,0.905,0.125,0.158,31
2015,5,La Boca,NO2,14.8856,14.8333,27.375,7.9583,4.5087,31
2015,5,La Boca,PM10,29.1083,25.3333,105.3333,14.0417,18.0915,31
2015,6,Centenario,CO,0.6584,0.6206,1.25,0.3262,0.1944,30
2015,6,Centenario,NO2,20.2508,19.9554,26.2083,13.0833,3.8194,30
2015,6,Centenario,PM10,32.7508,31.5208,49.5833,14.5714,9.435,28
2015,6,Córdoba,CO,0.711,0.6788,1.228,0.42,0.2093,29
2015,6,Córdoba,NO2,30.3435,27.3334,57.6364,18.2917,8.7215,28
2015,6,Córdoba,PM10,31.5222,29.7916,48.125,19.5833,9.0089,30
2015,6,La Boca,CO,0.3787,0.4067,0.6654,0.1421,0.132,27
2015,6,La Boca,NO2,17.0229,16.9583,25.2917,7.4583,4.0484,29
2015,6,La Boca,PM10,28.2001,26.7292,45.3333,17.7083,7.3964,28
2015,7,Centenario,CO,0.6639,0.58,1.6242,0.4158,0.2882,31
2015,7,Centenario,NO2,20.0201,18.9583,42.0,11.6667,6.8121,31
2015,7,Centenario,PM10,25.3831,21.75,58.625,14.125,10.712,31
2015,7,Córdoba,CO,0.6859,0.6121,1.7408,0.3721,0.2603,31
2015,7,Córdoba,NO2,27.2468,28.2917,47.5417,12.375,7.3612,31
2015,7,Córdoba,PM10,26.2432,22.8333,68.7083,13.4583,11.2978,31
2015,7,La Boca,CO,0.4396,0.3517,1.3454,0.0855,0.2586,31
2015,7,La Boca,NO2,16.2626,14.8125,29.4583,8.75,5.381,30
2015,7,La Boca,PM10,20.9727,18.2917,66.125,10.0417,11.8604,28
2015,8,Centenario,CO,0.5231,0.5058,1.005,0.2592,0.1506,31
2015,8,Centenario,NO2,18.1025,18.1667,25.6667,8.3333,3.8545,31
2015,8,Centenario,PM10,22.3613,20.25,42.875,11.5,7.0327,31
2015,8,Córdoba,CO,0.6665,0.5896,1.06,0.3271,0.1998,31
2015,8,Córdoba,NO2,35.4701,35.25,47.6316,25.8182,6.489,31
2015,8,Córdoba,PM10,26.3877,23.875,45.875,16.9583,7.9473,31
2015,8,La Boca,CO,0.2794,0.2723,0.6604,0.1583,0.1011,23
2015,8,La Boca,NO2,14.5469,14.0417,23.5,7.875,3.4837,27
2015,8,La Boca,PM10,16.3393,16.3333,27.625,7.5417,5.2115,26
2015,9,Centenario,CO,0.4146,0.3785,0.8512,0.2271,0.1488,30
2015,9,Centenario,NO2,17.9649,17.7917,31.4,10.0,5.0338,30
2015,9,Centenario,PM10,24.2361,22.0,46.25,12.3333,8.515,30
2015,9,Córdoba,CO,0.5188,0.5015,0.8283,0.303,0.1262,30
2015,9,Córdoba,NO2,31.4141,31.9166,46.875,16.3333,7.0124,30
2015,9,Córdoba,PM10,27.4333,26.4375,42.9167,15.3333,8.7369,30
2015,9,La Boca,CO,0.2482,0.2288,0.4488,0.1329,0.088,27
2015,9,La Boca,NO2,15.1578,13.161,25.0833,10.5417,4.8359,10
2015,9,La Boca,PM10,18.9006,17.6666,36.2083,7.9583,7.547,28
2015,10,Centenario,CO,0.3421,0.3229,0.7887,0.2067,0.1068,31
2015,10,Centenario,NO2,14.3437,14.2083,24.7917,7.375,3.146,31
2015,10,Centenario,PM10,19.1922,18.0833,30.5417,14.2917,3.3414,31
2015,10,Córdoba,CO,0.438,0.4216,0.7925,0.2671,0.1299,18
2015,10,Córdoba,NO2,16.2159,16.5661,19.9167,10.8333,2.6444,24
2015,10,Córdoba,PM10,23.3327,22.375,31.4583,16.9444,4.0874,23
2015,10,La Boca,CO,0.2112,0.1833,0.5058,0.1246,0.0867,31
2015,10,La Boca,NO2,8.6888,8.125,16.6667,4.7391,3.1094,31
2015,10,La Boca,PM10,13.6021,13.5833,17.875,8.3333,2.5954,31
2015,11,Centenario,CO,0.3421,0.3075,0.585,0.2204,0.1066,20
2015,11,Centenario,NO2,14.2804,12.6875,23.375,8.625,4.5295,26
2015,11,Centenario,PM10,18.8023,18.5417,28.1667,12.2917,4.461,25
2015,11,Córdoba,CO,0.4856,0.4536,0.8775,0.2271,0.176,30
2015,11,Córdoba,NO2,15.5115,14.4792,25.125,7.4583,4.6621,30
2015,11,Córdoba,PM10,22.1903,21.4584,35.2917,13.9583,5.4749,30
2015,11,La Boca,CO,0.2351,0.2104,0.4842,0.135,0.0781,30
2015,11,La Boca,NO2,10.2558,9.6042,18.8182,3.7917,3.618,30
2015,11,La Boca,PM10,17.1417,16.625,24.75,11.75,4.045,30
2015,12,Centenario,CO,0.3848,0.385,0.6562,0.1708,0.1243,31
2015,12,Centenario,NO2,13.5397,12.3125,27.625,6.25,5.3369,18
2015,12,Centenario,PM10,23.8216,21.2308,45.0,13.125,7.6648,27
2015,12,Córdoba,CO,0.5109,0.5162,0.7496,0.2933,0.1195,31
2015,12,Córdoba,NO2,16.4938,15.4583,27.875,7.0417,5.6847,31
2015,12,Córdoba,PM10,25.8212,26.2083,43.25,13.7917,5.9837,31
2015,12,La Boca,CO,0.2261,0.2325,0.3367,0.079,0.0754,31
2015,12,La Boca,NO2,9.2938,8.0,21.4,3.25,4.7824,30
2015,12,La Boca,PM10,21.3481,19.875,38.5417,13.125,5.9689,31
2016,1,Centenario,CO,0.3532,0.335,0.5967,0.1758,0.1187,31
2016,1,Centenario,NO2,12.7261,12.6667,22.3333,4.5,3.8615,31
2016,1,Centenario,PM10,24.5872,23.75,35.0833,11.9583,6.1185,31
2016,1,Córdoba,CO,0.5383,0.5117,0.8967,0.3242,0.1497,31
2016,1,Córdoba,NO2,15.4091,14.5208,31.0,8.0,5.3011,30
2016,1,Córdoba,PM10,28.3244,26.1666,50.125,17.25,7.6074,30
2016,1,La Boca,CO,0.2431,0.2389,0.3683,0.0992,0.063,31
2016,1,La Boca,NO2,7.2494,6.7574,13.7222,2.25,3.1606,30
2016,1,La Boca,PM10,25.0137,25.7292,34.7917,12.75,5.529,30
2016,2,Centenario,CO,0.4057,0.409,0.625,0.2092,0.1271,12
2016,2,Centenario,NO2,14.4248,13.8978,26.8333,6.0,5.0068,26
2016,2,Centenario,PM10,24.5256,21.1667,50.5833,15.5,8.3178,25
2016,2,Córdoba,CO,0.5487,0.536,0.7429,0.3954,0.0931,24
2016,2,Córdoba,NO2,17.6093,16.6439,28.25,11.7083,3.9676,24
2016,2,Córdoba,PM10,25.7783,25.375,37.875,15.6667,5.5417,25
2016,2,La Boca,CO,0.4179,0.4134,0.6167,0.2673,0.0713,26
2016,2,La Boca,NO2,10.4445,10.5208,16.5833,4.8333,3.1604,26
2016,2,La Boca,PM10,20.1731,19.5834,33.25,13.5,5.1477,26
2016,3,Centenario,CO,0.4442,0.355,0.7771,0.2183,0.1931,13
2016,3,Centenario,NO2,14.7099,14.6098,30.5417,8.0417,4.4797,30
2016,3,Centenario,PM10,26.5,25.8125,50.5833,14.1667,6.7781,30
2016,3,Córdoba,CO,0.5379,0.5204,0.8712,0.2696,0.1613,30
2016,3,Córdoba,NO2,16.6428,16.2458,31.1667,10.375,4.2266,30
2016,3,Córdoba,PM10,27.7965,27.8958,57.5625,15.0417,8.1155,30
2016,3,La Boca,CO,0.3643,0.3583,0.5179,0.2421,0.0757,29
2016,3,La Boca,NO2,8.9851,8.4667,14.0,4.7917,2.7725,29
2016,3,La Boca,PM10,18.3464,19.2916,25.4167,9.4167,3.7177,28
2016,4,Centenario,CO,0.4829,0.4227,1.0304,0.1808,0.2058,30
2016,4,Centenario,NO2,14.6288,14.2917,22.2273,8.8333,3.2533,30
2016,4,Centenario,PM10,20.5236,19.4375,36.5417,13.0417,5.2844,30
2016,4,Córdoba,CO,0.766,0.7316,1.36,0.5104,0.1925,30
2016,4,Córdoba,NO2,20.5477,20.5,28.25,14.875,3.3185,30
2016,4,Córdoba,PM10,22.2758,21.6667,31.7917,14.7917,4.0613,29
2016,4,La Boca,CO,0.2499,0.2617,0.5708,0.05,0.1203,29
2016,4,La Boca,NO2,10.7276,10.5,15.9583,5.9167,2.1601,29
2016,4,La Boca,PM10,14.3264,12.8334,30.2917,8.7917,4.7368,30
2016,5,Centenario,CO,0.5168,0.4829,0.9146,0.3358,0.1405,31
2016,5,Centenario,NO2,18.4057,17.8333,30.375,11.8333,4.7513,31
2016,5,Centenario,PM10,25.129,24.7083,60.1667,12.4583,9.7967,31
2016,5,Córdoba,CO,0.8078,0.7933,1.2158,0.5121,0.1877,31
2016,5,Córdoba,NO2,24.0231,23.9167,36.375,13.4583,5.3865,31
2016,5,Córdoba,PM10,24.7258,23.4583,77.3333,11.25,11.9309,31
2016,5,La Boca,CO,0.3012,0.2575,0.5667,0.1496,0.1177,31
2016,5,La Boca,NO2,13.5539,12.4762,22.5,8.375,3.563,31
2016,5,La Boca,PM10,16.6022,13.9167,46.5417,7.1667,7.957,31
2016,6,Centenario,CO,0.6499,0.5662,1.2088,0.2629,0.24,30
2016,6,Centenario,NO2,19.3389,18.7084,31.0833,8.9583,5.137,30
2016,6,Centenario,PM10,29.8514,26.0,68.375,14.3333,13.1152,30
2016,6,Córdoba,CO,0.9708,0.844,1.9004,0.5179,0.3291,30
2016,6,Córdoba,NO2,25.3027,24.5,46.0417,11.7917,7.1044,30
2016,6,Córdoba,PM10,24.3468,20.4792,63.2917,6.4167,13.3359,30
2016,6,La Boca,CO,0.3478,0.3127,0.7528,0.1583,0.1488,28
2016,6,La Boca,NO2,9.9759,9.7083,17.2,4.625,3.0124,30
2016,6,La Boca,PM10,21.8499,19.5208,39.25,9.4167,8.6529,30
2016,7,Centenario,CO,0.5082,0.5154,0.9238,0.2475,0.1469,19
2016,7,Centenario,NO2,17.8788,17.6667,24.7917,11.9583,3.3334,31
2016,7,Centenario,PM10,24.5376,22.0,52.3333,13.2083,9.302,31
2016,7,Córdoba,CO,0.6835,0.6672,1.1375,0.4288,0.1585,31
2016,7,Córdoba,NO2,15.8213,16.1818,21.7083,10.3333,2.9142,31
2016,7,Córdoba,PM10,17.0995,16.5686,35.2917,7.3333,6.9926,24
2016,7,La Boca,CO,0.2814,0.2667,0.5354,0.1604,0.0974,31
2016,7,La Boca,NO2,8.2085,8.5833,12.375,4.1304,1.8957,31
2016,7,La Boca,PM10,28.0161,25.7917,51.9167,11.75,9.8636,31
2016,8,Centenario,CO,0.5392,0.4854,1.1992,0.2788,0.2284,16
2016,8,Centenario,NO2,20.8241,21.2084,35.6667,11.1667,5.5441,30
2016,8,Centenario,PM10,34.738,34.2708,57.7917,17.875,11.0302,24
2016,8,Córdoba,CO,0.7347,0.6808,1.6975,0.4304,0.2876,30
2016,8,Córdoba,NO2,23.4726,22.5833,37.875,15.875,5.0873,31
2016,8,Córdoba,PM10,31.1142,30.5,53.5417,14.375,10.4144,30
2016,8,La Boca,CO,0.3453,0.3162,0.8212,0.1188,0.1569,31
2016,8,La Boca,NO2,11.2463,11.5416,16.7083,6.5833,2.9592,24
2016,8,La Boca,PM10,41.8495,40.0833,104.875,14.0833,17.7,31
2016,9,Centenario,CO,0.5867,0.5814,0.9033,0.2117,0.1687,30
2016,9,Centenario,NO2,17.1814,17.1458,25.9167,10.875,3.9627,30
2016,9,Centenario,PM10,27.7352,26.0833,50.2083,13.375,9.4011,28
2016,9,Córdoba,CO,0.6481,0.631,1.0117,0.4824,0.1302,30
2016,9,Córdoba,NO2,20.5686,20.5525,26.6667,14.8333,2.8336,30
2016,9,Córdoba,PM10,24.6458,22.3542,43.0833,10.5833,8.2747,30
2016,9,La Boca,CO,0.2997,0.2962,0.7338,0.1629,0.1162,30
2016,9,La Boca,NO2,15.3649,13.9375,36.2,7.0833,5.9247,26
2016,9,La Boca,PM10,34.4128,32.7083,79.9583,7.0,16.2831,29
2016,10,Centenario,CO,0.6235,0.5002,1.2254,0.285,0.292,28
2016,10,Centenario,NO2,15.0129,13.3958,30.4167,9.7727,4.6281,28
2016,10,Centenario,PM10,21.8706,20.9584,39.9583,12.7083,6.9873,26
2016,10,Córdoba,CO,0.7759,0.79,1.3338,0.49,0.1968,31
2016,10,Córdoba,NO2,23.784,23.3333,37.2917,17.2917,4.4911,31
2016,10,Córdoba,PM10,21.8812,20.8333,44.875,12.25,7.1447,31
2016,10,La Boca,CO,0.2594,0.2392,0.495,0.1325,0.0711,29
2016,10,La Boca,NO2,11.0541,10.25,20.9583,4.6667,3.7535,29
2016,10,La Boca,PM10,26.7043,24.1667,44.375,14.375,7.9891,31
2016,11,Centenario,CO,0.5761,0.5575,0.81,0.3629,0.0928,27
2016,11,Centenario,NO2,12.2845,12.1875,24.9091,3.1667,6.671,26
2016,11,Centenario,PM10,30.805,28.1875,82.5,18.7,12.7395,24
2016,11,Córdoba,CO,0.6559,0.6346,1.0129,0.305,0.162,30
2016,11,Córdoba,NO2,23.5796,22.9028,37.5417,15.4167,5.482,30
2016,11,Córdoba,PM10,31.6454,28.875,101.875,17.2917,16.1844,29
2016,11,La Boca,CO,0.2811,0.28,0.3725,0.1675,0.06,30
2016,11,La Boca,NO2,12.1644,11.7084,19.5417,3.0,3.9051,30
2016,11,La Boca,PM10,38.5889,36.0625,119.1667,15.375,17.819,30
2016,12,Centenario,CO,0.6668,0.6841,0.9708,0.3437,0.1896,22
2016,12,Centenario,NO2,6.4848,6.4186,10.5833,4.7917,1.5093,14
2016,12,Centenario,PM10,29.1194,28.7917,42.0,19.875,5.9702,15
2016,12,Córdoba,CO,0.6667,0.6246,1.2283,0.3821,0.189,31
2016,12,Córdoba,NO2,22.3224,22.0,34.5455,12.75,5.8001,31
2016,12,Córdoba,PM10,32.4096,29.0416,57.8333,18.8571,11.7315,30
2016,12,La Boca,CO,0.2727,0.2604,0.43,0.1404,0.0807,18
2016,12,La Boca,NO2,9.7848,9.5833,18.8333,2.5833,4.5208,31
2016,12,La Boca,PM10,38.4247,36.3333,70.25,23.75,11.2684,31
2017,1,Centenario,CO,0.5564,0.55,0.8771,0.29,0.1352,31
2017,1,Centenario,NO2,14.6783,13.25,30.0,2.8333,6.2716,13
2017,1,Centenario,PM10,22.782,21.443,37.3636,15.1667,5.0123,20
2017,1,Córdoba,CO,0.4964,0.4329,1.346,0.125,0.2688,31
2017,1,Córdoba,NO2,14.7955,13.5833,24.125,7.3846,4.7292,31
2017,1,Córdoba,PM10,32.4991,28.625,76.875,17.1667,13.6944,31
2017,1,La Boca,CO,0.6063,0.615,0.9925,0.2579,0.2032,27
2017,1,La Boca,NO2,14.6443,13.6667,35.25,2.0417,7.2387,29
2017,1,La Boca,PM10,40.2876,40.1667,60.125,22.2083,9.0536,31
2017,2,Centenario,CO,0.4096,0.4344,0.654,0.1575,0.1414,28
2017,2,Centenario,NO2,18.5934,19.25,31.25,7.4167,6.121,28
2017,2,Centenario,PM10,23.8837,21.5625,52.2917,13.125,8.8213,26
2017,2,Córdoba,CO,1.1157,0.905,2.7635,0.5583,0.5349,25
2017,2,Córdoba,NO2,22.1568,20.7292,42.7,9.375,7.9695,26
2017,2,Córdoba,PM10,27.3001,25.9792,75.7143,9.0,11.9374,24
2017,2,La Boca,CO,0.6431,0.57,1.1162,0.3942,0.2229,27
2017,2,La Boca,NO2,17.9465,18.4167,30.9583,12.0,4.0401,21
2017,2,La Boca,PM10,36.2262,33.2917,94.75,14.5833,15.9583,27
2017,3,Centenario,CO,0.604,0.6358,0.845,0.4275,0.1382,7
2017,3,Centenario,NO2,15.7838,16.0714,19.2083,10.9,2.9784,7
2017,3,Centenario,PM10,32.5764,28.6875,57.1667,18.5,14.7131,6
2017,3,Córdoba,CO,0.7464,0.6888,1.313,0.4992,0.1877,31
2017,3,Córdoba,NO2,17.6974,17.3333,27.9167,8.2083,5.6617,31
2017,3,Córdoba,PM10,27.9677,26.0417,55.5417,18.5,8.1306,26
2017,3,La Boca,CO,0.6155,0.5833,1.974,0.2581,0.3898,21
2017,3,La Boca,NO2,15.2152,12.7917,27.8333,8.75,5.4149,25
2017,3,La Boca,PM10,31.2804,30.6667,57.6667,20.4,7.3364,31
2017,4,Centenario,CO,0.6061,0.5742,0.9721,0.3512,0.1615,16
2017,4,Centenario,NO2,17.9512,17.875,27.1818,10.3333,4.3235,30
2017,4,Centenario,PM10,23.1077,21.5834,34.0,11.1364,6.9321,10
2017,4,Córdoba,CO,0.8571,0.8721,1.4317,0.5225,0.2059,30
2017,4,Córdoba,NO2,20.1763,19.5416,29.625,10.8333,5.4648,30
2017,4,Córdoba,PM10,23.9837,21.2708,39.125,10.5417,7.583,28
2017,4,La Boca,CO,0.5559,0.5394,1.5042,0.2404,0.24,28
2017,4,La Boca,NO2,16.0354,16.1818,25.7917,8.125,4.9022,27
2017,4,La Boca,PM10,27.1077,27.7916,51.5417,13.2143,8.753,30
2017,5,Centenario,CO,0.8075,0.8546,1.318,0.34,0.2816,31
2017,5,Centenario,NO2,18.8485,17.9583,29.1818,12.25,4.5694,31
2017,5,Centenario,PM10,21.8051,21.7917,35.0833,7.8182,6.4366,31
2017,5,Córdoba,CO,1.0162,1.0212,1.7442,0.505,0.269,31
2017,5,Córdoba,NO2,23.2086,23.4167,37.4167,12.3333,6.0485,31
2017,5,Córdoba,PM10,24.2445,20.875,49.0,7.5417,9.6916,30
2017,5,La Boca,CO,0.5586,0.5258,0.9104,0.325,0.1384,31
2017,5,La Boca,NO2,21.9683,20.5,31.125,14.5417,4.7605,31
2017,5,La Boca,PM10,24.8599,22.2708,40.5,13.7917,7.1975,28
2017,6,Centenario,CO,0.7505,0.7064,1.23,0.4312,0.1806,30
2017,6,Centenario,NO2,20.1625,18.7708,33.1667,8.75,5.5898,30
2017,6,Centenario,PM10,28.3403,24.3958,60.7917,14.4167,11.7303,30
2017,6,Córdoba,CO,0.8148,0.7521,1.5546,0.3888,0.2452,30
2017,6,Córdoba,NO2,24.7356,23.875,42.0833,13.875,6.6609,30
2017,6,Córdoba,PM10,24.7861,21.7084,51.375,15.125,8.8786,30
2017,6,La Boca,CO,0.6681,0.638,1.1571,0.4654,0.1598,28
2017,6,La Boca,NO2,27.7705,24.625,41.0417,18.7917,6.5746,28
2017,6,La Boca,PM10,43.0873,40.8542,74.875,21.6667,14.3448,22
2017,7,Centenario,CO,0.5704,0.5496,0.8542,0.3029,0.1355,31
2017,7,Centenario,NO2,18.4224,20.0,26.7083,8.0417,5.3557,31
2017,7,Centenario,PM10,21.6653,18.4583,44.7083,9.5417,9.5156,31
2017,7,Córdoba,CO,0.8165,0.7696,1.3742,0.3954,0.2612,31
2017,7,Córdoba,NO2,23.7406,23.5,35.0,14.7083,4.6839,31
2017,7,Córdoba,PM10,24.6613,22.4792,43.7083,12.4167,8.6293,28
2017,7,La Boca,CO,0.5545,0.557,0.8204,0.25,0.1389,31
2017,7,La Boca,NO2,24.5783,25.25,39.875,8.3333,7.2234,31
2017,7,La Boca,PM10,32.9099,30.0,65.9583,11.3333,16.259,31
2017,8,Centenario,CO,0.6349,0.6262,1.0487,0.3883,0.1564,31
2017,8,Centenario,NO2,19.2158,17.0417,30.2917,10.4167,5.2849,31
2017,8,Centenario,PM10,18.9933,17.2917,39.5,10.5417,6.4196,31
2017,8,Córdoba,CO,0.8915,0.8402,1.59,0.5192,0.2243,24
2017,8,Córdoba,NO2,23.5975,23.0208,32.7083,12.375,5.3921,26
2017,8,Córdoba,PM10,21.6647,20.1667,48.5417,12.3333,7.046,30
2017,8,La Boca,CO,0.5289,0.4432,2.564,0.2729,0.4024,30
2017,8,La Boca,NO2,22.1868,19.5833,36.25,12.3333,6.4228,31
2017,8,La Boca,PM10,25.7823,22.375,49.0,11.3333,10.4659,31
2017,9,Centenario,CO,0.4717,0.4277,0.8225,0.335,0.1273,30
2017,9,Centenario,NO2,16.7741,16.5492,28.4167,11.2083,3.7848,30
2017,9,Centenario,PM10,19.675,18.9792,33.4167,9.6667,5.3868,30
2017,9,Córdoba,CO,0.8759,0.9204,1.1271,0.5167,0.1748,30
2017,9,Córdoba,NO2,24.3972,23.3125,40.7917,15.0,5.9602,30
2017,9,Córdoba,PM10,22.1181,20.4167,32.2917,9.125,6.1108,30
2017,9,La Boca,CO,0.6612,0.6638,1.6624,0.2688,0.2782,26
2017,9,La Boca,NO2,24.3903,23.8834,46.4167,10.0417,6.9999,26
2017,9,La Boca,PM10,23.6495,22.4375,44.1667,14.7083,6.6113,26
2017,10,Centenario,CO,0.4955,0.4846,0.6671,0.3412,0.09,31
2017,10,Centenario,NO2,15.9667,15.5833,24.2917,7.1667,4.2262,31
2017,10,Centenario,PM10,21.2124,19.5417,38.4167,10.375,6.7437,31
2017,10,Córdoba,CO,0.535,0.5075,0.8462,0.2604,0.1521,31
2017,10,Córdoba,NO2,25.3804,26.2917,37.9545,14.7917,5.7126,31
2017,10,Córdoba,PM10,22.961,21.625,39.125,12.0417,6.4693,31
2017,10,La Boca,CO,0.5608,0.561,0.8525,0.3296,0.159,28
2017,10,La Boca,NO2,24.1061,22.5833,49.1667,16.4545,7.0815,27
2017,10,La Boca,PM10,27.9422,26.9583,56.5,13.6667,9.3844,31
2017,11,Centenario,CO,0.4529,0.4396,0.6767,0.3121,0.0934,29
2017,11,Centenario,NO2,15.45,14.9546,22.0476,10.5,3.2606,30
2017,11,Centenario,PM10,26.786,23.9167,57.75,12.0417,9.9463,27
2017,11,Córdoba,CO,0.6638,0.636,1.1825,0.4354,0.1674,26
2017,11,Córdoba,NO2,21.056,21.5417,30.0,9.4167,5.0734,27
2017,11,Córdoba,PM10,28.5194,25.0,59.6667,15.7917,9.9985,24
2017,11,La Boca,CO,0.4115,0.41,1.0375,0.2108,0.1591,28
2017,11,La Boca,NO2,30.249,29.3333,48.125,16.9167,6.2772,21
2017,11,La Boca,PM10,42.9597,39.6458,79.5833,20.5,14.4539,30
2017,12,Centenario,CO,0.4197,0.4288,0.6662,0.1737,0.1094,31
2017,12,Centenario,NO2,15.6326,14.9583,31.0909,6.5833,6.0163,31
2017,12,Centenario,PM10,25.732,24.4167,48.2917,14.7917,7.8666,31
2017,12,Córdoba,CO,0.5411,0.5279,1.0717,0.2254,0.2123,29
2017,12,Córdoba,NO2,20.8597,18.625,35.2083,8.75,7.5656,29
2017,12,Córdoba,PM10,26.9895,25.9583,45.0909,14.2,6.5618,27
2017,12,La Boca,CO,0.4772,0.484,0.6904,0.2504,0.1024,31
2017,12,La Boca,NO2,21.559,20.8333,40.0417,6.5417,8.6377,31
2017,12,La Boca,PM10,34.1156,31.25,72.5417,16.8333,11.3338,31
2018,1,Centenario,CO,0.2578,0.2412,0.4917,0.0765,0.1054,25
2018,1,Centenario,NO2,14.3749,13.375,27.5455,6.625,6.0409,22
2018,1,Centenario,PM10,24.8898,23.9621,35.125,11.6667,5.9452,20
2018,1,Córdoba,CO,0.7026,0.7104,0.9104,0.4583,0.1333,31
2018,1,Córdoba,NO2,17.6416,17.0,41.0,9.2222,5.9979,31
2018,1,Córdoba,PM10,25.5156,23.9583,41.7917,17.1667,6.5196,21
2018,1,La Boca,CO,0.3924,0.3988,0.5042,0.2396,0.0755,31
2018,1,La Boca,NO2,21.6163,20.0,38.6667,6.375,8.2543,31
2018,1,La Boca,PM10,34.0417,32.125,58.6667,14.875,10.0943,31
2018,2,Centenario,CO,1.0126,0.3346,9.7954,0.2154,2.4647,28
2018,2,Centenario,NO2,14.0574,13.7916,22.4167,6.3333,4.0107,28
2018,2,Centenario,PM10,22.4375,22.5833,35.7083,12.0833,5.5024,28
2018,2,Córdoba,CO,1.2672,0.495,10.3125,0.3517,2.6871,25
2018,2,Córdoba,NO2,15.4066,15.1666,24.2917,8.7083,4.5856,24
2018,2,Córdoba,PM10,21.3888,20.4583,33.2083,12.0,5.4857,24
2018,2,La Boca,CO,1.5916,0.4033,17.2512,0.1687,4.3045,27
2018,2,La Boca,NO2,19.0277,19.7083,31.1667,4.0417,7.3567,27
2018,2,La Boca,PM10,33.5521,34.2292,48.125,20.75,5.8742,28
2018,3,Centenario,CO,0.4066,0.4142,0.6104,0.1596,0.0959,31
2018,3,Centenario,NO2,16.8806,17.4167,23.5,8.375,3.8559,31
2018,3,Centenario,PM10,25.3469,25.5,40.625,13.375,6.7871,31
2018,3,Córdoba,CO,0.4885,0.4425,0.7533,0.2479,0.1444,31
2018,3,Córdoba,NO2,17.6529,17.8542,30.8,10.125,4.1866,30
2018,3,Córdoba,PM10,25.7446,24.5833,45.375,13.5833,7.5497,31
2018,3,La Boca,CO,0.6306,0.5958,0.9217,0.3117,0.1752,31
2018,3,La Boca,NO2,20.1064,19.0417,32.875,10.3333,5.6329,21
2018,3,La Boca,PM10,40.0699,37.75,77.875,18.2083,13.287,31
2018,4,Centenario,CO,0.51,0.5102,0.8017,0.2788,0.1301,30
2018,4,Centenario,NO2,17.1378,17.1667,25.5833,8.125,4.2089,30
2018,4,Centenario,PM10,22.4889,22.25,34.5,13.0833,5.3273,30
2018,4,Córdoba,CO,0.6036,0.5882,0.8917,0.1933,0.1891,30
2018,4,Córdoba,NO2,15.3253,15.8333,21.7083,8.125,3.5981,30
2018,4,Córdoba,PM10,26.0095,25.4583,46.5833,14.75,7.4206,28
2018,4,La Boca,CO,0.6573,0.629,1.0712,0.3267,0.1842,30
2018,4,La Boca,NO2,20.2495,20.5625,28.0833,10.875,4.5968,30
2018,4,La Boca,PM10,32.3403,25.7083,80.4583,14.2917,14.4045,30
2018,5,Centenario,CO,0.6133,0.5496,1.4629,0.2625,0.2188,31
2018,5,Centenario,NO2,18.3746,18.0,27.625,10.5,4.2789,31
2018,5,Centenario,PM10,21.3965,18.5833,40.2083,11.0833,7.4684,31
2018,5,Córdoba,CO,0.4046,0.4067,0.7333,0.165,0.1288,31
2018,5,Córdoba,NO2,17.5171,12.6666,61.0,6.25,13.3567,24
2018,5,Córdoba,PM10,25.7903,24.8958,44.0833,15.3333,7.8348,28
2018,5,La Boca,CO,0.6225,0.514,1.7925,0.2308,0.3817,18
2018,5,La Boca,NO2,23.2553,22.1875,35.4167,13.9583,5.9575,28
2018,5,La Boca,PM10,34.6949,31.75,64.7083,14.0417,13.4763,31
2018,6,Centenario,CO,0.667,0.603,1.3246,0.42,0.2025,30
2018,6,Centenario,NO2,20.4226,19.7708,27.3636,14.0909,3.8723,30
2018,6,Centenario,PM10,25.2,23.8958,46.3333,10.875,9.1843,30
2018,6,Córdoba,CO,0.3225,0.3123,0.4854,0.1833,0.0815,30
2018,6,Córdoba,NO2,11.4342,10.3902,19.8333,6.2917,3.6237,20
2018,6,Córdoba,PM10,26.6476,27.5,38.7917,12.0,7.3826,24
2018,6,La Boca,CO,0.5653,0.5529,1.0029,0.2896,0.1853,30
2018,6,La Boca,NO2,24.3675,22.8125,36.625,12.625,6.8364,30
2018,6,La Boca,PM10,40.0429,35.4,88.0833,15.7083,18.7426,29
2018,7,Centenario,CO,0.9442,0.5233,11.3188,0.3308,1.9381,31
2018,7,Centenario,NO2,18.2013,17.75,27.7083,10.875,3.8485,31
2018,7,Centenario,PM10,19.0175,17.5417,43.1667,7.9167,9.1882,31
2018,7,Córdoba,CO,0.8622,0.2571,18.6596,0.1667,3.3037,31
2018,7,Córdoba,NO2,7.8279,7.5417,11.4167,4.25,1.8816,20
2018,7,Córdoba,PM10,21.3938,20.125,47.0,9.2083,9.5491,27
2018,7,La Boca,CO,0.9463,0.4046,14.1571,0.2542,2.4902,31
2018,7,La Boca,NO2,22.3014,20.9167,52.6667,11.0417,7.917,31
2018,7,La Boca,PM10,25.2194,20.2916,75.5,9.8333,16.0216,30
2018,8,Centenario,CO,0.9051,0.5767,11.1279,0.3121,1.9026,31
2018,8,Centenario,NO2,16.8734,16.0833,28.375,9.875,4.059,31
2018,8,Centenario,PM10,20.2567,19.3333,36.5,11.0833,6.4072,31
2018,8,Córdoba,CO,1.3888,0.6883,18.0779,0.3067,3.4854,25
2018,8,Córdoba,NO2,14.1488,9.375,36.4167,4.5833,9.3805,24
2018,8,Córdoba,PM10,27.0868,26.875,48.5,14.25,7.5566,31
2018,8,La Boca,CO,1.0985,0.5568,17.355,0.1862,3.0215,31
2018,8,La Boca,NO2,20.4006,20.0833,35.9545,10.0455,6.0573,31
2018,8,La Boca,PM10,31.382,31.9583,55.0833,12.5833,10.8854,31
2018,9,Centenario,CO,0.4648,0.4706,0.7222,0.2308,0.1344,30
2018,9,Centenario,NO2,15.6169,15.2292,23.9545,7.5417,4.155,30
2018,9,Centenario,PM10,19.3069,17.0416,39.6667,10.5417,5.9961,30
2018,9,Córdoba,CO,0.5013,0.4734,0.8567,0.2667,0.1591,30
2018,9,Córdoba,NO2,23.8067,25.5,32.3846,4.75,7.0793,17
2018,9,Córdoba,PM10,24.75,24.0,43.5417,15.25,6.0961,30
2018,9,La Boca,CO,0.4433,0.4277,0.6358,0.2954,0.1001,30
2018,9,La Boca,NO2,21.5471,19.5834,33.0455,9.4583,5.8244,30
2018,9,La Boca,PM10,26.7967,22.2708,55.8333,14.9167,10.2176,30
2018,10,Centenario,CO,0.4339,0.4117,0.7783,0.2944,0.1217,31
2018,10,Centenario,NO2,16.7597,15.125,23.5417,9.2917,4.3067,20
2018,10,Centenario,PM10,19.7944,19.25,30.4583,12.125,4.7761,31
2018,10,Córdoba,CO,0.5309,0.5175,0.9242,0.2754,0.1635,31
2018,10,Córdoba,NO2,27.171,27.6667,35.7083,15.2917,6.1404,21
2018,10,Córdoba,PM10,25.2245,26.0,41.3333,11.7917,6.6146,31
2018,10,La Boca,CO,0.3499,0.3256,0.985,0.135,0.1646,28
2018,10,La Boca,NO2,19.348,19.7708,29.0,13.2273,4.2612,28
2018,10,La Boca,PM10,24.512,24.875,37.8235,14.125,6.1596,27
2018,11,Centenario,CO,0.457,0.4608,0.6683,0.2306,0.0992,30
2018,11,Centenario,NO2,15.9827,15.1042,23.6667,11.0417,3.5146,30
2018,11,Centenario,PM10,19.9542,19.7916,29.4167,10.1667,4.9341,30
2018,11,Córdoba,CO,0.5893,0.5729,0.8588,0.3871,0.1179,30
2018,11,Córdoba,NO2,22.2214,22.7519,31.8696,12.1667,3.7203,30
2018,11,Córdoba,PM10,23.4406,22.9375,35.2917,13.2917,6.4245,30
2018,11,La Boca,CO,0.4241,0.4192,0.5421,0.255,0.0693,15
2018,11,La Boca,NO2,22.7955,21.4167,42.3333,14.625,7.1406,25
2018,11,La Boca,PM10,27.5208,25.3125,51.625,16.5833,8.6324,24
2018,12,Centenario,CO,0.4121,0.4292,0.5925,0.1654,0.1112,31
2018,12,Centenario,NO2,15.1177,13.8333,32.0,5.5833,5.6075,31
2018,12,Centenario,PM10,21.3952,19.25,42.6667,11.5,8.0675,31
2018,12,Córdoba,CO,0.5042,0.4834,0.7617,0.1696,0.1882,20
2018,12,Córdoba,NO2,20.2615,20.4167,37.9524,8.125,6.6254,31
2018,12,Córdoba,PM10,27.9546,28.0208,44.875,16.375,7.0447,30
2018,12,La Boca,CO,0.4543,0.4179,1.1496,0.1958,0.1741,31
2018,12,La Boca,NO2,17.6085,16.3333,32.2083,8.625,5.3875,31
2018,12,La Boca,PM10,23.6971,23.3125,43.2917,12.5556,8.0846,30
2019,1,Centenario,CO,0.4052,0.4208,0.5921,0.1771,0.1196,31
2019,1,Centenario,NO2,13.7359,13.4167,22.0909,6.8333,3.2687,31
2019,1,Centenario,PM10,18.4409,18.0,28.0833,10.4583,4.3383,31
2019,1,Córdoba,CO,0.7779,0.7827,1.0812,0.4471,0.1531,29
2019,1,Córdoba,NO2,18.4535,17.3333,30.9167,8.6667,5.9347,29
2019,1,Córdoba,PM10,29.1704,29.0833,39.8333,16.75,6.8359,19
2019,1,La Boca,CO,0.4612,0.4504,0.6571,0.2862,0.1041,31
2019,1,La Boca,NO2,18.6105,17.7727,31.3333,8.7083,4.7889,31
2019,1,La Boca,PM10,26.4517,25.2084,44.2083,16.875,7.2342,30
2019,2,Centenario,CO,0.4138,0.4108,0.7138,0.1167,0.1538,28
2019,2,Centenario,NO2,16.9354,15.6458,27.9167,8.3333,5.4011,28
2019,2,Centenario,PM10,24.2872,22.6875,50.125,11.125,9.1453,28
2019,2,Córdoba,CO,0.5543,0.5542,0.8162,0.2808,0.147,28
2019,2,Córdoba,NO2,23.3316,22.9375,33.0,13.2917,4.8009,28
2019,2,Córdoba,PM10,31.7296,29.875,61.2917,17.5417,9.5804,28
2019,2,La Boca,CO,0.4846,0.4712,0.7879,0.2406,0.1335,27
2019,2,La Boca,NO2,20.283,19.0,31.375,7.5417,6.5623,27
2019,2,La Boca,PM10,32.791,32.1042,53.875,20.9583,8.7421,24
2019,3,Centenario,CO,0.4411,0.415,0.7646,0.1494,0.1383,31
2019,3,Centenario,NO2,16.4671,16.75,24.2609,9.5,3.8291,27
2019,3,Centenario,PM10,19.5847,19.5417,30.5,11.2083,4.3242,31
2019,3,Córdoba,CO,0.7095,0.7471,0.9733,0.3933,0.166,31
2019,3,Córdoba,NO2,20.4391,21.1667,29.8182,13.0833,3.8212,31
2019,3,Córdoba,PM10,28.9505,27.9583,48.2857,19.0,7.1037,29
2019,3,La Boca,CO,0.3914,0.3875,0.6546,0.2296,0.1018,31
2019,3,La Boca,NO2,22.0442,20.5217,39.75,13.5,6.5424,29
2019,3,La Boca,PM10,27.4436,28.0417,42.5417,14.5417,6.8329,31
2019,4,Centenario,CO,0.5682,0.5588,0.8233,0.4054,0.104,30
2019,4,Centenario,NO2,21.0738,20.1875,50.0833,13.1667,6.7881,30
2019,4,Centenario,PM10,23.6389,22.8958,40.0417,9.4583,6.1492,30
2019,4,Córdoba,CO,0.7049,0.68,1.3633,0.4892,0.179,30
2019,4,Córdoba,NO2,19.4234,18.625,30.9583,12.7917,3.9547,30
2019,4,Córdoba,PM10,31.6046,30.7917,50.3333,15.5417,8.9402,27
2019,4,La Boca,CO,0.539,0.505,1.2583,0.2092,0.2176,30
2019,4,La Boca,NO2,20.5378,20.6,41.75,11.0,6.081,23
2019,4,La Boca,PM10,33.2139,33.5417,50.375,11.125,8.1898,30
2019,5,Centenario,CO,0.5689,0.5279,1.0183,0.3421,0.1713,31
2019,5,Centenario,NO2,17.731,17.7083,28.2083,9.4167,5.233,31
2019,5,Centenario,PM10,21.9583,21.0,38.5,11.0833,6.9667,31
2019,5,Córdoba,CO,0.636,0.5392,1.2867,0.2167,0.2423,31
2019,5,Córdoba,NO2,22.5403,21.7083,33.4783,10.25,5.7405,31
2019,5,Córdoba,PM10,25.7325,22.9167,45.1667,12.75,8.2406,31
2019,5,La Boca,CO,0.4531,0.4288,0.8896,0.2446,0.1618,31
2019,5,La Boca,NO2,19.2771,20.1818,32.8333,8.6667,6.1735,31
2019,5,La Boca,PM10,30.0806,30.25,46.9167,13.4583,9.2505,31
2019,6,Centenario,CO,0.675,0.6175,1.2612,0.38,0.2035,30
2019,6,Centenario,NO2,18.3838,18.7083,28.0417,11.4,3.9678,25
2019,6,Centenario,PM10,19.46,19.2917,31.6667,7.5,7.0608,30
2019,6,Córdoba,CO,0.744,0.7383,1.0646,0.4296,0.1992,29
2019,6,Córdoba,NO2,17.9173,17.7917,28.9545,7.1429,4.0895,29
2019,6,Córdoba,PM10,23.1471,22.5,38.75,10.5833,8.1572,27
2019,6,La Boca,CO,0.5657,0.5523,0.9529,0.3292,0.1345,30
2019,6,La Boca,NO2,20.3124,19.9792,29.7083,9.2609,4.6268,30
2019,6,La Boca,PM10,25.8814,26.1458,43.5833,8.5385,8.6827,30
2019,7,Centenario,CO,0.6365,0.6329,1.1021,0.2967,0.2026,31
2019,7,Centenario,NO2,22.3567,22.5,33.4167,10.7083,5.917,27
2019,7,Centenario,PM10,21.746,19.9167,40.125,12.0417,6.3827,31
2019,7,Córdoba,CO,0.7719,0.7479,1.15,0.4737,0.1659,31
2019,7,Córdoba,NO2,25.9732,26.2917,37.4167,16.0833,6.6317,31
2019,7,Córdoba,PM10,25.8368,25.5833,38.0,15.0833,6.6939,24
2019,7,La Boca,CO,0.6855,0.5942,1.4629,0.308,0.3271,27
2019,7,La Boca,NO2,26.6883,26.8462,37.5833,19.0833,4.6254,23
2019,7,La Boca,PM10,27.5516,24.484,52.5,13.125,9.4543,22
2019,8,Centenario,CO,0.5848,0.5275,1.085,0.3358,0.196,31
2019,8,Centenario,NO2,22.6281,21.8182,35.375,12.2083,4.8088,31
2019,8,Centenario,PM10,22.8333,20.2083,47.4167,12.25,7.9748,31
2019,8,Córdoba,CO,0.7364,0.7175,1.3029,0.4888,0.1855,31
2019,8,Córdoba,NO2,27.4529,27.25,39.375,17.375,5.8631,31
2019,8,Córdoba,PM10,25.6425,23.75,51.625,12.625,9.1048,31
2019,8,La Boca,CO,0.8844,0.86,1.7279,0.2575,0.3641,27
2019,8,La Boca,NO2,21.447,20.5416,33.125,8.375,5.8693,30
2019,8,La Boca,PM10,35.4792,35.4792,38.125,32.8333,3.7418,2
2019,9,Centenario,CO,0.5148,0.5027,0.6938,0.3854,0.0932,30
2019,9,Centenario,NO2,20.4333,19.6042,33.0833,13.3333,5.4515,30
2019,9,Centenario,PM10,21.4464,22.375,35.1667,6.3333,7.4,20
2019,9,Córdoba,CO,0.5756,0.5896,0.8229,0.3504,0.1208,30
2019,9,Córdoba,NO2,24.4952,25.1875,37.7727,14.0417,5.226,30
2019,9,Córdoba,PM10,27.9806,27.3333,45.9583,15.625,8.9311,30
2019,9,La Boca,CO,0.6384,0.6564,1.0971,0.1217,0.2152,30
2019,9,La Boca,NO2,25.6236,23.4306,41.3,12.3333,9.9749,14
2019,9,La Boca,PM10,42.2798,40.8542,71.1667,21.8333,16.3122,14
2019,10,Centenario,CO,0.5262,0.505,0.7288,0.3071,0.1134,31
2019,10,Centenario,NO2,18.5557,16.8333,29.5833,9.7083,5.2569,31
2019,10,Centenario,PM10,18.8091,17.7917,36.1667,10.5833,6.2989,31
2019,10,Córdoba,CO,0.5145,0.5046,0.7458,0.2106,0.132,31
2019,10,Córdoba,NO2,22.3495,22.0833,32.2083,12.25,4.7468,31
2019,10,Córdoba,PM10,22.2688,21.6667,35.9167,13.0,6.2061,31
2019,10,La Boca,CO,0.5164,0.4771,0.81,0.3288,0.1293,27
2019,10,La Boca,NO2,25.1252,25.25,41.5417,7.125,7.0441,28
2019,10,La Boca,PM10,26.9164,24.3958,50.0833,14.9583,8.9243,26
2019,11,Centenario,CO,0.5199,0.5086,0.7317,0.3071,0.1208,30
2019,11,Centenario,NO2,16.9389,13.9167,29.625,9.1667,6.3937,15
2019,11,Centenario,PM10,21.9847,20.7916,35.1667,13.75,5.8881,30
2019,11,Córdoba,CO,0.6106,0.5977,0.9933,0.3538,0.1837,30
2019,11,Córdoba,NO2,21.2645,21.3334,32.5417,6.9583,6.7529,30
2019,11,Córdoba,PM10,25.8514,23.8958,40.8333,15.3333,7.026,30
2019,11,La Boca,CO,0.4426,0.5068,0.6446,0.2258,0.148,30
2019,11,La Boca,NO2,22.5369,22.0416,34.5417,9.4167,6.8177,30
2019,11,La Boca,PM10,33.7584,31.7917,60.5,22.625,9.0173,24
2019,12,Centenario,CO,0.4221,0.3979,0.7929,0.1767,0.1718,31
2019,12,Centenario,NO2,15.0143,14.4583,28.7917,5.7619,6.7906,22
2019,12,Centenario,PM10,21.986,20.2917,37.625,8.6923,6.615,31
2019,12,Córdoba,CO,0.7469,0.7325,1.2204,0.481,0.1533,31
2019,12,Córdoba,NO2,21.5423,21.0833,33.1667,9.0833,5.6889,31
2019,12,Córdoba,PM10,25.9128,25.75,46.625,14.9231,6.9138,31
2019,12,La Boca,CO,0.3208,0.3217,0.5788,0.12,0.1197,17
2019,12,La Boca,NO2,19.6582,18.9792,39.2917,4.5417,9.4523,28
2019,12,La Boca,PM10,29.9055,26.8958,52.6667,17.125,9.9964,26
2020,1,Centenario,CO,0.398,0.3654,0.6958,0.2571,0.1016,31
2020,1,Centenario,NO2,13.8052,13.625,25.5417,2.5238,5.2566,31
2020,1,Centenario,PM10,20.8199,20.6667,34.5417,8.75,6.0428,31
2020,1,Córdoba,CO,0.624,0.5979,1.02,0.2367,0.174,29
2020,1,Córdoba,NO2,18.6224,17.2708,31.6316,10.1176,6.3043,26
2020,1,Córdoba,PM10,22.3477,21.2708,37.4167,14.0833,5.8245,28
2020,1,La Boca,CO,0.8286,0.6875,1.66,0.1136,0.5534,14
2020,1,La Boca,NO2,17.806,19.0417,27.6667,7.3333,5.0668,31
2020,1,La Boca,PM10,28.5109,27.875,39.9333,24.4,3.9216,13
2020,2,Centenario,CO,0.4903,0.4917,0.7033,0.3438,0.083,29
2020,2,Centenario,NO2,14.626,13.25,23.95,6.2917,4.5763,29
2020,2,Centenario,PM10,19.2026,19.0417,27.1667,11.0417,4.4175,29
2020,2,Córdoba,CO,0.5584,0.5554,0.7837,0.4113,0.0921,29
2020,2,Córdoba,NO2,11.9573,12.5477,17.35,6.75,3.3494,12
2020,2,Córdoba,PM10,21.2284,19.3958,34.125,15.0833,4.7697,24
2020,2,La Boca,CO,0.9799,0.8694,1.8176,0.4217,0.514,10
2020,2,La Boca,NO2,14.7216,12.1084,29.0,3.9167,6.7817,24
2020,2,La Boca,PM10,9.6167,14.4167,16.6667,1.0,7.9091,5
2020,3,Centenario,CO,0.3961,0.3617,0.6196,0.2242,0.1123,31
2020,3,Centenario,NO2,14.0947,14.4583,33.7619,4.25,5.7412,31
2020,3,Centenario,PM10,17.5296,17.25,32.8333,9.0833,5.3473,31
2020,3,Córdoba,CO,0.4114,0.4225,0.7058,0.2037,0.1274,23
2020,3,Córdoba,NO2,12.281,11.875,30.2083,3.625,5.3674,31
2020,3,Córdoba,PM10,14.5218,12.2083,29.2,7.0,6.9143,13
2020,3,La Boca,CO,0.335,0.201,1.1604,0.0746,0.3155,22
2020,3,La Boca,NO2,15.6148,13.3958,31.5333,5.0,7.388,30
2020,3,La Boca,PM10,13.4318,14.375,17.7083,8.5833,2.8716,11
2020,4,Centenario,CO,0.3781,0.3657,0.5496,0.1779,0.0917,30
2020,4,Centenario,NO2,12.6057,12.2708,24.625,5.375,4.2809,30
2020,4,Centenario,PM10,14.0639,13.0208,24.2083,8.1667,4.8727,30
2020,4,Córdoba,CO,0.6833,0.6833,0.7725,0.5942,0.1261,2
2020,4,Córdoba,NO2,15.7089,15.9053,32.2917,5.9167,7.1495,30
2020,4,Córdoba,PM10,11.4473,11.375,18.875,6.25,3.6956,29
2020,4,La Boca,CO,0.306,0.295,0.74,0.07,0.1157,29
2020,4,La Boca,NO2,5.5208,5.5208,7.5417,3.5,2.8579,2
2020,4,La Boca,PM10,14.7545,14.3542,26.7083,8.5,5.1075,28
2020,5,Centenario,CO,0.5218,0.5725,0.8267,0.2458,0.1592,31
2020,5,Centenario,NO2,17.3561,17.4583,28.4583,7.5,5.4201,31
2020,5,Centenario,PM10,20.078,20.25,44.5417,9.4167,8.6667,31
2020,5,Córdoba,NO2,22.9231,22.75,47.25,9.3333,8.3245,31
2020,5,Córdoba,PM10,18.5303,16.616,39.2917,7.75,8.6513,28
2020,5,La Boca,CO,0.4567,0.4275,0.7854,0.274,0.1392,22
2020,5,La Boca,NO2,21.5,21.5,21.5,21.5,0.0,1
2020,5,La Boca,PM10,21.9164,18.5,45.2083,9.75,9.7113,27
2020,6,Centenario,CO,0.5607,0.5402,0.9625,0.2688,0.16,30
2020,6,Centenario,NO2,19.2141,16.7262,35.3182,11.4167,6.364,30
2020,6,Centenario,PM10,17.5361,16.8958,28.2083,7.3333,6.3445,30
2020,6,Córdoba,CO,0.6853,0.5729,1.0,0.4988,0.2066,5
2020,6,Córdoba,NO2,34.4288,34.5303,58.6667,15.5,11.5259,30
2020,6,Córdoba,PM10,18.4195,17.5208,40.5,7.9167,8.1326,28
2020,7,Centenario,CO,0.5383,0.4662,1.6958,0.2138,0.291,31
2020,7,Centenario,NO2,19.6541,18.9167,31.4545,12.5833,5.0925,31
2020,7,Centenario,PM10,19.4422,17.0417,47.7083,9.5,7.814,31
2020,7,Córdoba,CO,0.7429,0.6975,1.5492,0.3804,0.2379,31
2020,7,Córdoba,NO2,41.6755,44.625,62.75,8.2778,13.1233,27
2020,7,Córdoba,PM10,21.562,18.1875,52.5,10.75,10.2661,26
2020,8,Centenario,CO,0.4913,0.4667,0.835,0.2929,0.1417,31
2020,8,Centenario,NO2,18.5535,18.1667,34.4583,11.0,5.8473,31
2020,8,Centenario,PM10,26.9906,24.6667,58.9167,11.25,11.3788,31
2020,8,Córdoba,CO,0.8261,0.8206,1.2558,0.3958,0.1864,30
2020,8,Córdoba,NO2,35.345,37.0417,49.5833,16.5,10.0123,30
2020,8,Córdoba,PM10,27.6186,25.875,65.0417,11.4167,12.7354,30
2020,8,La Boca,PM10,30.0588,24.0417,54.0,13.0833,13.2835,19
2020,9,Centenario,CO,0.4507,0.4334,0.6879,0.3125,0.0939,30
2020,9,Centenario,NO2,17.0941,16.625,26.8333,10.5417,3.4186,30
2020,9,Centenario,PM10,20.1681,18.5208,56.5833,5.875,9.5831,30
2020,9,Córdoba,CO,0.6136,0.5786,0.8662,0.4542,0.0995,30
2020,9,Córdoba,NO2,8.5993,7.4702,21.7368,2.9,4.651,30
2020,9,Córdoba,PM10,19.3169,17.2083,58.5,9.0417,11.6082,27
2020,9,La Boca,NO2,22.7222,23.0,26.5,18.6667,3.924,3
2020,9,La Boca,PM10,19.9328,19.8333,30.2308,7.3333,5.49,21
2020,10,Centenario,CO,0.39,0.3862,0.5233,0.2475,0.0705,31
2020,10,Centenario,NO2,13.907,13.375,21.8333,6.0,4.0661,31
2020,10,Centenario,PM10,18.9704,17.4167,36.75,10.4583,5.9093,31
2020,10,Córdoba,CO,0.6251,0.6121,0.9046,0.4142,0.1203,31
2020,10,Córdoba,NO2,27.7077,27.75,39.0833,9.0833,6.4829,31
2020,10,Córdoba,PM10,16.5228,14.4167,40.0,7.0417,7.3098,31
2020,10,La Boca,NO2,13.6962,13.1875,22.0,8.8333,3.4237,24
2020,10,La Boca,PM10,19.8676,19.375,32.9444,12.5333,5.8241,18
2020,11,Centenario,CO,0.3488,0.3288,0.67,0.2067,0.1266,30
2020,11,Centenario,NO2,12.624,12.0682,26.75,6.9167,4.2476,30
2020,11,Centenario,PM10,21.1486,20.2084,33.5833,14.0,5.5488,30
2020,11,Córdoba,CO,0.6163,0.614,0.8917,0.4567,0.106,30
2020,11,Córdoba,NO2,22.3233,24.0,36.2917,4.0,9.2937,30
2020,11,Córdoba,PM10,17.6907,15.0,30.6667,9.2083,6.9194,25
2020,11,La Boca,NO2,14.1369,14.0,32.3636,5.9583,6.2219,23
2020,11,La Boca,PM10,21.1563,20.1875,37.7917,12.75,6.9229,22
2020,12,Centenario,CO,0.3862,0.3871,0.6233,0.1317,0.1202,31
2020,12,Centenario,NO2,13.6458,12.625,28.2083,4.2917,6.616,31
2020,12,Centenario,PM10,24.2312,22.75,37.6667,14.375,5.9953,31
2020,12,Córdoba,CO,0.5466,0.5429,0.8308,0.2812,0.1321,31
2020,12,Córdoba,NO2,28.6972,28.3333,43.8333,17.9583,6.6417,31
2020,12,Córdoba,PM10,18.9422,19.5,29.2083,9.75,5.9992,31
2020,12,La Boca,NO2,14.0555,13.5,26.375,4.875,5.957,31
2020,12,La Boca,PM10,21.1833,21.2083,32.0833,14.5,3.6924,29
2021,1,Centenario,CO,0.3879,0.3817,0.5804,0.2258,0.0807,31
2021,1,Centenario,NO2,12.4156,12.2857,19.4583,6.625,3.6732,29
2021,1,Centenario,PM10,20.6522,20.1667,36.7083,14.4167,4.834,30
2021,1,Córdoba,CO,0.48,0.4538,0.7296,0.335,0.1048,31
2021,1,Córdoba,NO2,19.4482,16.7083,42.0417,5.0,10.899,30
2021,1,Córdoba,PM10,15.4254,14.6875,23.5833,9.0833,4.0404,18
2021,1,La Boca,NO2,13.5874,11.9167,24.9167,5.0833,5.3175,31
2021,1,La Boca,PM10,19.5403,18.625,32.1667,14.0417,4.3297,31
2021,2,Centenario,CO,0.4969,0.4621,0.8604,0.3546,0.1249,28
2021,2,Centenario,PM10,20.8036,17.375,46.2917,11.2917,9.0767,28
2021,2,Córdoba,CO,0.5809,0.5625,0.7754,0.4321,0.0995,28
2021,2,Córdoba,NO2,18.0371,17.1042,36.2917,8.8333,6.0002,28
2021,2,Córdoba,PM10,20.7361,18.1458,48.9167,8.0,10.9224,24
2021,2,La Boca,NO2,12.3083,11.7708,21.0417,8.1667,3.8787,10
2021,2,La Boca,PM10,19.2635,17.9166,25.625,14.125,4.743,10
2021,3,Centenario,CO,0.5028,0.4771,0.8233,0.2717,0.1278,31
2021,3,Centenario,NO2,18.0922,17.4167,19.8182,17.0417,1.5065,3
2021,3,Centenario,PM10,27.3051,22.4167,60.0417,14.0417,12.986,31
2021,3,Córdoba,CO,0.5364,0.5367,0.7858,0.3438,0.1118,31
2021,3,Córdoba,NO2,18.3857,18.875,28.8333,11.1667,4.7921,31
2021,3,Córdoba,PM10,23.9677,20.7917,68.0417,6.0,14.3832,31
2021,3,La Boca,NO2,14.4016,13.75,24.25,7.2083,4.4328,23
2021,3,La Boca,PM10,25.8214,21.1667,66.6,10.8333,15.0866,23
2021,4,Centenario,CO,0.5251,0.5098,0.8929,0.2679,0.1643,30
2021,4,Centenario,NO2,18.9445,18.1458,31.0833,9.2917,7.2709,30
2021,4,Centenario,PM10,21.8868,23.2292,38.375,12.0,6.612,28
2021,4,Córdoba,CO,0.4049,0.3981,0.7417,0.1444,0.1066,30
2021,4,Córdoba,NO2,16.254,16.8125,29.75,8.8,5.5942,20
2021,4,Córdoba,PM10,16.9028,17.3125,28.1667,6.0417,4.9569,30
2021,4,La Boca,NO2,15.9286,13.7708,28.5417,7.8333,6.8629,30
2021,4,La Boca,PM10,17.5833,17.2084,27.875,7.6667,4.8407,30
2021,5,Centenario,CO,0.6759,0.6962,1.1279,0.28,0.2086,31
2021,5,Centenario,NO2,22.2624,22.0417,42.1,3.9167,10.944,31
2021,5,Centenario,PM10,24.1728,23.2308,44.3333,6.4583,11.0504,31
2021,5,Córdoba,CO,0.4985,0.4971,0.8433,0.2371,0.1322,30
2021,5,Córdoba,PM10,21.6367,22.25,43.0417,6.5417,9.2236,24
2021,5,La Boca,NO2,20.8333,20.9167,34.4583,5.8333,7.1486,31
2021,5,La Boca,PM10,23.2202,23.0417,52.5,7.1667,10.2912,29
2021,6,Centenario,CO,0.7335,0.714,1.3412,0.3517,0.2319,28
2021,6,Centenario,NO2,22.0057,20.2083,45.125,9.5833,7.9557,30
2021,6,Centenario,PM10,20.8056,20.2292,39.5833,8.9167,8.5596,30
2021,6,Córdoba,CO,0.4581,0.4725,0.6996,0.2213,0.115,30
2021,6,Córdoba,PM10,19.9556,20.1666,34.2917,6.9167,7.9215,30
2021,6,La Boca,NO2,21.4153,18.8542,34.0,12.0833,5.9182,30
2021,6,La Boca,PM10,21.9562,21.1875,45.2917,9.375,8.8364,30
2021,7,Centenario,NO2,19.7141,21.6667,36.9167,3.7826,8.9217,31
2021,7,Centenario,PM10,23.4343,21.7273,49.7917,10.5,8.7106,23
2021,7,Córdoba,CO,0.414,0.3787,0.7575,0.1596,0.1291,31
2021,7,Córdoba,PM10,25.1181,25.0,41.125,9.3333,8.8773,17
2021,7,La Boca,CO,0.0788,0.0788,0.0817,0.0758,0.0042,2
2021,7,La Boca,NO2,14.0388,14.125,24.625,4.9583,4.921,31
2021,7,La Boca,PM10,26.8564,26.75,44.4167,15.2917,7.8689,31
2021,8,Centenario,NO2,19.1535,21.1458,31.3333,2.125,8.5156,28
2021,8,Centenario,PM10,26.0816,20.9166,56.875,13.875,11.8534,18
2021,8,Córdoba,CO,0.6278,0.6008,1.0958,0.3733,0.1405,31
2021,8,La Boca,NO2,11.0922,11.0417,17.0833,5.5455,2.773,31
2021,8,La Boca,PM10,25.0551,21.625,57.4167,13.3333,10.3918,31
2021,9,Centenario,NO2,15.8221,15.3522,24.5417,9.0,3.5228,30
2021,9,Córdoba,CO,0.5197,0.5077,0.7575,0.2792,0.118,30
2021,9,La Boca,NO2,7.1492,6.6875,10.7,5.625,1.4713,10
2021,9,La Boca,PM10,17.5662,19.0923,23.9583,7.1667,4.7853,16
2021,10,Centenario,NO2,17.8601,17.0417,34.9583,8.625,6.5219,31
2021,10,Centenario,PM10,33.5833,33.5833,35.6667,31.5,2.9463,2
2021,10,Córdoba,CO,0.5781,0.5933,0.8238,0.3446,0.1242,31
2021,10,La Boca,NO2,8.0981,7.75,21.3333,3.0,3.681,31
2021,10,La Boca,PM10,21.2003,19.9583,45.2917,10.0833,7.9838,31
2021,11,Centenario,NO2,14.3148,13.4583,19.375,9.0,3.7773,9
2021,11,Córdoba,CO,0.54,0.4986,0.7725,0.3754,0.1158,30
2021,11,La Boca,NO2,6.4167,5.125,13.2917,4.0,2.5785,27
2021,11,La Boca,PM10,22.95,20.625,43.25,12.3333,7.5436,25
2021,12,Centenario,NO2,23.0252,24.2727,32.7083,11.4783,8.7013,5
2021,12,Centenario,PM10,24.3333,23.0833,40.0833,10.5,7.3359,15
2021,12,Córdoba,CO,0.4319,0.4292,0.595,0.3008,0.0679,25
2021,12,Córdoba,PM10,15.093,14.497,32.3333,7.0,6.0779,26
2021,12,La Boca,NO2,5.504,5.5,10.625,2.9583,1.704,31
2021,12,La Boca,PM10,23.2124,22.5,37.5417,13.6667,5.9697,31
2022,1,Centenario,CO,0.5929,0.5929,0.6475,0.5383,0.0772,2
2022,1,Centenario,NO2,13.8938,12.3333,26.9167,7.0,5.6446,31
2022,1,Centenario,PM10,26.3844,22.0,77.9583,8.3333,16.5657,31
2022,1,Córdoba,CO,0.433,0.4271,0.6938,0.14,0.135,25
2022,1,Córdoba,NO2,13.8188,13.625,25.2609,5.6667,5.006,23
2022,1,Córdoba,PM10,22.409,17.7166,77.5,6.5,16.7207,28
2022,1,La Boca,CO,0.4848,0.5146,0.7517,0.2521,0.1243,16
2022,1,La Boca,NO2,9.0994,8.5208,29.5833,3.2917,5.2873,30
2022,1,La Boca,PM10,29.7118,22.8333,74.4583,12.5714,15.8792,25
2022,2,Centenario,NO2,14.4194,13.5208,30.0417,5.2083,5.6164,28
2022,2,Centenario,PM10,26.137,25.5417,42.3333,14.0833,7.3598,17
2022,2,Córdoba,CO,0.5402,0.5486,0.74,0.3025,0.1212,21
2022,2,Córdoba,NO2,13.2664,12.5417,21.9583,5.9583,4.1701,21
2022,2,Córdoba,PM10,24.2255,24.6667,31.5,17.375,4.2566,17
2022,2,La Boca,CO,0.3161,0.3133,0.5804,0.1167,0.1436,15
2022,2,La Boca,NO2,12.2038,11.5417,23.4167,3.0833,5.3681,27
2022,2,La Boca,PM10,25.7292,24.6875,49.2083,14.2083,7.6306,28
2022,3,Centenario,CO,0.5625,0.5225,0.8408,0.2867,0.1789,9
2022,3,Centenario,NO2,16.303,16.7917,23.3333,8.1667,4.1813,11
2022,3,Centenario,PM10,23.5423,22.9375,37.1667,11.9583,7.0982,28
2022,3,Córdoba,CO,0.8199,0.8415,0.9089,0.7092,0.1016,3
2022,3,Córdoba,NO2,17.275,15.7,21.125,15.0,3.3525,3
2022,3,Córdoba,PM10,23.25,23.25,30.0,16.5,9.5459,2
2022,3,La Boca,CO,0.4706,0.4136,1.5567,0.2058,0.2668,26
2022,3,La Boca,NO2,14.1788,14.625,22.7917,6.3077,4.7826,29
2022,3,La Boca,PM10,28.1207,26.8333,50.625,14.2917,9.4954,27
2022,4,Centenario,CO,0.5619,0.5356,0.94,0.3638,0.1248,30
2022,4,Centenario,NO2,19.1376,20.1667,24.0,10.5,3.923,13
2022,4,Centenario,PM10,24.2387,23.8958,41.0833,13.0,8.3972,30
2022,4,Córdoba,CO,0.4342,0.4342,0.4692,0.3992,0.0495,2
2022,4,La Boca,CO,0.3732,0.3684,0.5812,0.2458,0.0834,30
2022,4,La Boca,NO2,14.6586,13.9375,21.0417,9.2083,3.4327,30
2022,4,La Boca,PM10,30.1097,29.1458,64.3333,14.7917,10.6913,30
2022,5,Centenario,CO,0.6593,0.6317,1.3346,0.2325,0.2703,31
2022,5,Centenario,NO2,21.2326,21.9583,34.0833,11.875,5.7271,31
2022,5,Centenario,PM10,31.5514,32.9445,55.2083,14.2917,8.4626,28
2022,5,La Boca,CO,0.3746,0.3321,1.09,0.0904,0.2106,31
2022,5,La Boca,NO2,18.7822,20.0417,31.0,8.2917,5.7529,31
2022,5,La Boca,PM10,42.9059,39.5,109.875,14.875,18.155,31
2022,6,Centenario,CO,0.7729,0.7144,1.5508,0.3008,0.2967,30
2022,6,Centenario,NO2,17.9179,19.0455,23.2917,12.0833,4.3236,6
2022,6,Centenario,PM10,36.692,34.5417,69.125,17.5833,14.5708,24
2022,6,La Boca,CO,0.5167,0.48,1.17,0.2008,0.2428,26
2022,6,La Boca,NO2,29.801,21.3731,77.7917,11.3333,19.0941,30
2022,6,La Boca,PM10,47.425,45.1667,90.75,20.4583,17.7686,30
2022,7,Centenario,CO,0.6393,0.6317,1.1621,0.2958,0.1904,31
2022,7,Centenario,NO2,17.2922,16.0417,25.0833,9.5833,4.9539,11
2022,7,Centenario,PM10,26.0786,24.7292,46.25,16.8333,7.9501,30
2022,7,La Boca,CO,0.4431,0.4246,0.9296,0.1775,0.1778,28
2022,7,La Boca,NO2,17.8262,17.625,27.9583,9.75,4.3854,31
2022,7,La Boca,PM10,28.0148,24.7292,57.75,15.0417,9.3915,26
2022,8,Centenario,CO,0.649,0.6292,1.15,0.3133,0.1837,31
2022,8,Centenario,NO2,15.5,15.5,15.5,15.5,0.0,1
2022,8,Centenario,PM10,31.5953,26.7292,57.0417,14.913,12.5409,24
2022,8,La Boca,CO,0.3654,0.3317,0.6575,0.1267,0.1215,29
2022,8,La Boca,NO2,19.1777,18.25,33.125,11.1667,5.1263,31
2022,8,La Boca,PM10,33.3671,29.9166,77.4167,15.1667,15.005,28
2022,9,Centenario,CO,0.5513,0.5292,0.9046,0.4096,0.1322,30
2022,9,Centenario,NO2,23.25,23.25,31.0,15.5,10.9602,2
2022,9,Centenario,PM10,25.5546,23.3334,48.7083,15.4583,7.2554,30
2022,9,La Boca,CO,0.2945,0.2921,0.4867,0.075,0.0907,27
2022,9,La Boca,NO2,19.0384,19.9792,29.3333,10.0,5.0274,30
2022,9,La Boca,PM10,35.3467,31.1666,74.0417,19.1667,14.8442,28
2022,10,Centenario,CO,1.1176,0.5254,10.6271,0.3133,2.3612,31
2022,10,Centenario,NO2,24.3506,24.9167,44.2083,10.7917,8.9351,29
2022,10,Centenario,PM10,28.3137,23.625,81.375,7.8095,14.7715,31
2022,10,La Boca,CO,1.3182,0.3188,17.1271,0.1554,3.8714,31
2022,10,La Boca,NO2,16.686,16.1666,28.55,7.7083,4.9507,22
2022,10,La Boca,PM10,45.6344,35.9167,168.8333,16.2917,34.1231,31
2022,11,Centenario,CO,0.4495,0.43,0.8408,0.2775,0.1306,29
2022,11,Centenario,PM10,24.662,22.7083,43.4286,14.1667,8.1174,27
2022,11,La Boca,CO,0.3156,0.2923,0.975,0.1188,0.1466,30
2022,11,La Boca,NO2,14.3612,12.2292,27.9583,5.2083,6.4195,30
2022,11,La Boca,PM10,31.6056,31.9166,50.0,13.875,7.9767,30
2022,12,Centenario,CO,0.3795,0.375,0.6204,0.2217,0.1013,31
2022,12,Centenario,NO2,18.4104,18.7083,31.2083,10.6667,4.6898,31
2022,12,Centenario,PM10,23.6492,21.7083,45.4167,14.2083,7.2219,31
2022,12,La Boca,CO,0.2737,0.2525,0.5125,0.1029,0.0949,31
2022,12,La Boca,NO2,14.5409,13.875,25.5,6.9583,4.9154,31
2022,12,La Boca,PM10,33.0954,30.7083,56.7917,15.2917,11.2011,31
2023,1,Centenario,CO,0.3873,0.3644,0.7608,0.2542,0.1113,30
2023,1,Centenario,NO2,15.1722,14.9166,26.75,8.5833,4.7519,30
2023,1,Centenario,PM10,23.0486,21.7916,41.6667,13.8333,6.2354,30
2023,1,La Boca,CO,0.2822,0.279,0.4992,0.0917,0.0884,30
2023,1,La Boca,NO2,12.6629,12.6667,14.5,10.8182,2.0739,4
2023,1,La Boca,PM10,27.4222,27.3542,39.9167,18.4167,5.4084,30
2023,2,Centenario,CO,0.4144,0.397,0.6117,0.2621,0.1153,22
2023,2,Centenario,NO2,16.9928,14.3542,28.3077,8.25,6.5888,22
2023,2,Centenario,PM10,26.2592,27.625,37.3636,13.5417,8.2026,26
2023,2,La Boca,CO,0.2814,0.2825,0.7621,0.0604,0.1516,27
2023,2,La Boca,PM10,40.284,38.375,83.5833,16.4167,17.6836,27
2023,3,Centenario,CO,0.4406,0.4348,0.77,0.2962,0.1111,26
2023,3,Centenario,NO2,18.2309,18.1667,23.0,12.375,3.0259,27
2023,3,Centenario,PM10,25.2229,22.7083,49.2083,12.25,8.5716,31
2023,3,Córdoba,CO,0.6892,0.7042,0.9254,0.4612,0.1329,17
2023,3,Córdoba,PM10,27.8976,27.1666,45.5833,16.7368,7.5855,18
2023,3,La Boca,CO,0.2619,0.21,0.6063,0.11,0.1325,25
2023,3,La Boca,NO2,26.4471,25.75,36.2857,16.7917,7.9223,5
2023,3,La Boca,PM10,40.0632,35.7083,74.9167,17.4583,16.1897,31
2023,4,Centenario,CO,0.4951,0.4342,0.8992,0.265,0.1809,30
2023,4,Centenario,NO2,20.9607,19.625,36.1667,12.4167,5.559,30
2023,4,Centenario,PM10,30.853,28.3333,55.0417,14.2083,11.9277,29
2023,4,Córdoba,CO,0.6117,0.576,0.9858,0.3062,0.1728,30
2023,4,Córdoba,PM10,30.0347,28.4375,61.625,13.875,11.9502,30
2023,4,La Boca,CO,0.28,0.2479,0.5875,0.0912,0.1223,30
2023,4,La Boca,NO2,27.3645,25.7208,40.5,19.125,6.1774,30
2023,4,La Boca,PM10,31.7693,28.0,79.4583,14.0417,17.8851,29
2023,5,Centenario,CO,0.5769,0.5817,0.8875,0.3283,0.128,31
2023,5,Centenario,NO2,22.4637,23.0435,36.2083,12.875,4.654,31
2023,5,Centenario,PM10,27.5081,26.0,53.2083,11.3333,11.5299,31
2023,5,Córdoba,CO,0.6352,0.6092,1.0733,0.3388,0.1782,31
2023,5,Córdoba,PM10,27.5157,26.375,46.5833,12.9583,9.0722,27
2023,5,La Boca,CO,0.3039,0.31,0.4512,0.1521,0.091,31
2023,5,La Boca,NO2,29.5357,30.4583,39.9167,16.8333,6.1317,31
2023,5,La Boca,PM10,25.5591,24.375,42.6667,10.875,7.7794,31
2023,6,Centenario,CO,0.6521,0.6471,1.1192,0.3888,0.193,30
2023,6,Centenario,NO2,24.4634,23.7292,34.8182,16.5833,4.8605,30
2023,6,Centenario,PM10,32.093,31.625,50.3333,16.9167,8.933,30
2023,6,Córdoba,CO,0.7297,0.7106,1.2412,0.4133,0.2001,30
2023,6,Córdoba,PM10,31.3879,30.0417,52.25,18.25,8.8217,29
2023,6,La Boca,CO,0.3652,0.3764,0.575,0.1646,0.1186,30
2023,6,La Boca,NO2,33.0078,31.375,49.7917,18.875,7.657,30
2023,6,La Boca,PM10,29.2667,29.6042,44.625,13.2917,7.8375,30
2023,7,Centenario,CO,0.5131,0.4692,1.0175,0.2679,0.1793,31
2023,7,Centenario,NO2,21.9842,21.375,32.3478,15.0,3.5583,31
2023,7,Centenario,PM10,21.0538,19.9167,33.75,9.7917,6.056,31
2023,7,Córdoba,CO,0.5584,0.5396,0.9392,0.3608,0.148,31
2023,7,Córdoba,PM10,23.1411,22.7917,34.9583,14.6667,5.7104,31
2023,7,La Boca,CO,0.3896,0.4025,0.5812,0.1825,0.1173,31
2023,7,La Boca,NO2,33.7034,32.9,47.4167,17.6667,6.1168,31
2023,7,La Boca,PM10,21.3871,19.875,44.0833,9.9583,7.3651,31
2023,8,Centenario,CO,0.5194,0.5233,0.7638,0.3046,0.127,31
2023,8,Centenario,NO2,21.846,21.5833,28.3333,15.25,3.5676,31
2023,8,Centenario,PM10,27.2702,24.9583,53.25,10.125,10.3979,31
2023,8,Córdoba,CO,0.6355,0.6238,0.9004,0.3612,0.1566,31
2023,8,Córdoba,PM10,30.7864,28.9792,52.75,15.625,9.7612,30
2023,8,La Boca,CO,0.4373,0.4533,0.6225,0.2621,0.1018,25
2023,8,La Boca,NO2,35.1298,34.9545,46.7059,25.2083,5.9721,31
2023,8,La Boca,PM10,28.2634,28.4167,50.3333,13.0417,10.5961,31
2023,9,Centenario,CO,0.501,0.4925,0.8379,0.3125,0.1311,30
2023,9,Centenario,NO2,18.8963,18.5834,27.8333,14.0,3.6155,30
2023,9,Centenario,PM10,22.0986,20.5417,38.75,9.625,7.7103,30
2023,9,Córdoba,CO,0.4887,0.47,0.7754,0.2304,0.1756,30
2023,9,Córdoba,NO2,20.7386,19.8889,32.0,14.9583,4.4035,17
2023,9,Córdoba,PM10,25.7528,23.8334,44.0417,14.1667,7.8261,30
2023,9,La Boca,NO2,36.4033,35.2917,52.9167,26.2083,7.1572,30
2023,9,La Boca,PM10,22.8125,20.7083,40.0,14.75,7.1726,30
2023,10,Centenario,CO,0.4079,0.3958,0.61,0.3021,0.0672,31
2023,10,Centenario,NO2,16.2236,16.0417,25.5417,10.125,3.7996,31
2023,10,Centenario,PM10,24.3589,26.375,34.25,13.6667,5.2275,31
2023,10,Córdoba,CO,0.4715,0.4825,0.7308,0.2508,0.1029,31
2023,10,Córdoba,NO2,18.8038,18.125,30.1667,9.7917,5.016,31
2023,10,Córdoba,PM10,24.8898,23.8333,37.4583,14.8333,5.9745,31
2023,10,La Boca,NO2,34.1696,34.0833,56.5,19.8333,8.8351,29
2023,10,La Boca,PM10,23.7191,23.4286,38.75,11.625,6.1442,27
2023,11,Centenario,CO,0.4189,0.3956,0.9138,0.2354,0.1206,30
2023,11,Centenario,NO2,16.3623,15.9584,22.7083,11.25,3.2683,30
2023,11,Centenario,PM10,28.1597,24.25,72.625,8.625,14.2048,30
2023,11,Córdoba,CO,0.5833,0.5312,0.85,0.3683,0.1321,27
2023,11,Córdoba,NO2,18.1036,15.6875,31.1667,12.3333,4.8336,30
2023,11,Córdoba,PM10,32.0998,29.2083,77.5833,13.8333,14.3611,29
2023,11,La Boca,CO,0.4295,0.2742,0.771,0.2433,0.2962,3
2023,11,La Boca,NO2,31.4735,31.0652,43.7826,18.6667,6.2102,30
2023,11,La Boca,PM10,30.4741,28.375,60.1667,10.7917,12.4548,29
2023,12,Centenario,CO,0.3431,0.3471,0.5425,0.1971,0.0866,31
2023,12,Centenario,NO2,13.5709,12.9167,20.3333,8.2083,3.1131,31
2023,12,Centenario,PM10,17.4017,17.2083,30.9167,10.25,4.2779,31
2023,12,Córdoba,NO2,20.9008,19.375,32.5833,14.8333,5.3291,13
2023,12,Córdoba,PM10,23.0686,21.7917,39.7083,16.4167,5.1569,31
2023,12,La Boca,CO,0.4222,0.39,1.0058,0.2725,0.1401,31
2023,12,La Boca,NO2,21.1711,20.5,30.0417,11.3333,4.0899,31
2023,12,La Boca,PM10,22.6631,22.125,33.625,13.8125,4.7139,31
2024,1,Centenario,CO,0.3003,0.2817,0.5562,0.2088,0.0796,31
2024,1,Centenario,NO2,12.6986,10.875,27.7917,7.7083,4.9725,31
2024,1,Centenario,PM10,15.0004,14.4583,31.125,9.125,4.4132,31
2024,1,Córdoba,PM10,22.6234,22.2222,34.5417,15.5417,4.6666,31
2024,1,La Boca,CO,0.3998,0.3787,0.6054,0.3162,0.0616,31
2024,1,La Boca,NO2,19.1023,18.3333,32.375,10.0417,4.061,31
2024,1,La Boca,PM10,23.6446,22.125,38.1667,17.25,5.4207,31
2024,2,Centenario,CO,0.3948,0.4023,0.4904,0.225,0.0873,10
2024,2,Centenario,NO2,15.7252,14.8334,27.5833,7.4167,5.4995,10
2024,2,Centenario,PM10,18.7767,15.25,74.8333,4.7083,13.6916,25
2024,2,Córdoba,CO,0.5442,0.4958,0.8662,0.405,0.1371,14
2024,2,Córdoba,NO2,14.3576,12.9584,25.5,8.75,4.748,14
2024,2,Córdoba,PM10,23.4248,22.125,80.1667,8.9583,13.2856,28
2024,2,La Boca,CO,0.4403,0.4388,0.5679,0.1971,0.0825,29
2024,2,La Boca,NO2,19.3034,18.75,32.8333,10.4583,4.6438,29
2024,2,La Boca,PM10,25.4971,23.3333,85.0417,11.0833,13.5174,29
2024,3,Centenario,PM10,15.005,13.375,26.5,5.5,5.8242,31
2024,3,Córdoba,CO,0.4773,0.4671,0.8575,0.1883,0.1794,22
2024,3,Córdoba,NO2,17.2212,16.4167,25.1739,8.4583,4.214,29
2024,3,Córdoba,PM10,20.7519,18.6667,39.25,11.875,6.6083,31
2024,3,La Boca,CO,0.4544,0.4275,0.6454,0.2908,0.1,23
2024,3,La Boca,NO2,27.2138,25.5833,49.25,17.5417,7.1749,29
2024,3,La Boca,PM10,19.8391,19.3333,28.6667,12.4583,4.5461,27
2024,4,Centenario,CO,0.3845,0.3396,0.8492,0.2008,0.1503,22
2024,4,Centenario,PM10,12.9264,12.125,27.375,3.6667,5.7211,27
2024,4,Córdoba,NO2,18.3389,18.125,29.3478,10.2083,5.1619,29
2024,4,Córdoba,PM10,18.1461,16.8333,36.25,7.0,5.8848,29
2024,4,La Boca,CO,0.628,0.6426,0.8521,0.3587,0.1397,26
2024,4,La Boca,NO2,28.2694,27.375,40.0,18.5833,5.7999,30
2024,4,La Boca,PM10,18.8501,17.3958,31.875,7.9167,6.2724,30
2024,5,Centenario,CO,0.4224,0.3971,0.7971,0.2025,0.1509,31
2024,5,Centenario,PM10,20.4569,20.0,37.2083,8.3333,8.067,29
2024,5,Córdoba,NO2,23.5601,24.5833,31.75,14.125,4.6119,31
2024,5,Córdoba,PM10,23.957,23.6667,35.75,10.75,6.5561,31
2024,5,La Boca,CO,0.5528,0.531,0.9271,0.2588,0.1964,30
2024,5,La Boca,NO2,33.9026,33.0,48.875,17.625,8.4085,31
2024,5,La Boca,PM10,20.7165,19.5834,34.7083,11.125,6.8615,30
2024,6,Centenario,CO,0.4533,0.4625,0.8608,0.2442,0.145,30
2024,6,Centenario,PM10,22.7659,22.125,43.7917,10.0833,8.9362,30
2024,6,Córdoba,CO,0.5258,0.4902,1.1242,0.1696,0.2445,26
2024,6,Córdoba,NO2,21.2571,21.0834,29.7391,13.0417,4.5562,30
2024,6,Córdoba,PM10,25.9076,24.5417,47.0833,12.7083,9.8168,29
2024,6,La Boca,CO,0.4274,0.4584,0.7554,0.1325,0.1767,30
2024,6,La Boca,NO2,33.8542,32.8542,44.125,19.125,6.9044,30
2024,6,La Boca,PM10,22.6486,19.7292,49.0833,8.7917,10.5866,30
2024,7,Centenario,CO,0.6235,0.5575,1.2058,0.2442,0.2635,31
2024,7,Centenario,PM10,36.4933,34.125,85.875,16.9583,15.4796,31
2024,7,Córdoba,CO,0.8935,0.8254,1.4638,0.4204,0.2616,31
2024,7,Córdoba,NO2,30.9475,29.0,55.125,18.5417,9.0149,31
2024,7,Córdoba,PM10,37.0272,32.8958,88.0417,19.9167,14.3782,30
2024,7,La Boca,CO,0.6923,0.6045,1.6167,0.3479,0.3384,30
2024,7,La Boca,NO2,43.143,43.1042,65.7826,27.7917,9.2274,30
2024,7,La Boca,PM10,35.557,32.3542,70.75,17.2917,13.8745,30
2024,8,Centenario,CO,0.3814,0.354,0.7138,0.2133,0.1275,28
2024,8,Centenario,PM10,23.6365,21.75,41.9167,10.375,8.6378,27
2024,8,Córdoba,CO,0.8021,0.8379,1.3046,0.435,0.21,31
2024,8,Córdoba,NO2,24.5293,24.1667,39.1667,15.4545,6.0074,31
2024,8,Córdoba,PM10,27.0108,25.5,47.75,13.6667,7.8836,31
2024,8,La Boca,CO,0.4011,0.3704,0.7483,0.1538,0.1527,31
2024,8,La Boca,NO2,35.6138,33.0417,51.0417,20.2083,8.258,31
2024,8,La Boca,PM10,25.5337,22.2083,55.1667,8.5,11.9973,31
2024,9,Centenario,CO,0.3783,0.3588,0.8879,0.1825,0.1376,28
2024,9,Centenario,PM10,21.9658,20.4584,52.4583,8.3333,8.2061,28
2024,9,Córdoba,CO,0.7484,0.706,1.3371,0.3679,0.2067,28
2024,9,Córdoba,NO2,22.3467,22.5761,33.875,14.0833,4.3548,28
2024,9,Córdoba,PM10,24.4423,22.6667,50.125,11.125,8.8505,27
2024,9,La Boca,CO,0.4447,0.3964,0.9846,0.2783,0.1505,28
2024,9,La Boca,NO2,39.8158,41.3333,58.25,20.0833,9.536,28
2024,9,La Boca,PM10,29.0149,29.2084,32.5,25.1429,3.0441,4
2024,10,Centenario,CO,0.3403,0.3318,0.5333,0.2188,0.0759,30
2024,10,Centenario,PM10,20.8299,20.3542,30.4583,13.3333,4.6392,30
2024,10,Córdoba,CO,0.6635,0.6334,1.0567,0.42,0.1483,30
2024,10,Córdoba,NO2,19.0214,19.1458,28.7083,10.3333,4.4256,30
2024,10,Córdoba,PM10,24.4653,23.2292,40.0833,14.0833,6.1697,30
2024,10,La Boca,CO,0.5715,0.509,1.4683,0.2692,0.2802,28
2024,10,La Boca,NO2,34.1034,34.6667,47.0417,22.7083,6.7838,30
2024,10,La Boca,PM10,20.75,22.0625,26.3333,13.625,3.879,10
2024,11,Centenario,CO,0.288,0.2782,0.5667,0.1717,0.0798,30
2024,11,Centenario,NO2,11.0833,11.0833,11.0833,11.0833,0.0,1
2024,11,Centenario,PM10,24.0462,21.0,51.2941,14.0,9.0243,25
2024,11,Córdoba,CO,0.5681,0.5502,0.8362,0.3783,0.1244,30
2024,11,Córdoba,NO2,18.008,18.0208,27.1667,8.5833,4.741,30
2024,11,Córdoba,PM10,23.1056,22.0208,33.75,16.7083,4.6746,30
2024,11,La Boca,CO,0.3685,0.3092,1.1658,0.2179,0.2045,28
2024,11,La Boca,NO2,26.862,27.1667,42.9583,14.9167,7.3324,30
2024,11,La Boca,PM10,24.6759,23.1667,40.75,16.0,6.1199,30
2024,12,Centenario,CO,0.3166,0.3129,0.4829,0.1304,0.0944,31
2024,12,Centenario,NO2,11.2789,11.0,20.7917,5.625,4.0365,31
2024,12,Centenario,PM10,18.1988,18.3158,37.625,11.7917,4.8124,29
2024,12,Córdoba,CO,0.4742,0.4621,0.8192,0.2875,0.122,31
2024,12,Córdoba,NO2,15.7354,15.9583,25.0417,8.5417,4.0848,31
2024,12,Córdoba,PM10,23.2796,22.5,48.5,14.875,6.0253,27
2024,12,La Boca,CO,0.185,0.1954,0.32,0.0771,0.0656,31
2024,12,La Boca,NO2,17.7562,14.4583,42.8333,6.5,8.2359,31
2024,12,La Boca,PM10,23.2592,22.5,54.3,9.9583,8.3832,29
2025,1,Centenario,CO,0.3982,0.4033,0.5696,0.2504,0.0961,31
2025,1,Centenario,NO2,9.4011,9.1667,17.1667,5.087,2.883,31
2025,1,Centenario,PM10,16.366,15.8611,30.9167,7.4167,4.87,30
2025,1,Córdoba,CO,0.4397,0.4246,0.5992,0.2575,0.0886,31
2025,1,Córdoba,NO2,13.7773,13.125,24.5833,7.75,4.4233,31
2025,1,Córdoba,PM10,21.6555,20.9167,32.0,13.8333,5.1454,25
2025,1,La Boca,CO,0.1981,0.2033,0.2788,0.0704,0.0474,31
2025,1,La Boca,NO2,14.9745,14.5833,25.4583,9.8333,3.6683,31
2025,1,La Boca,PM10,17.3333,16.3542,27.1667,11.375,6.1965,6
2025,2,Centenario,CO,0.4025,0.4,0.7717,0.2662,0.1075,28
2025,2,Centenario,NO2,15.4891,15.2084,23.375,8.8333,3.7289,28
2025,2,Centenario,PM10,20.3289,20.5416,33.375,10.2083,5.8336,28
2025,2,Córdoba,CO,0.4035,0.3512,0.87,0.2217,0.156,17
2025,2,Córdoba,NO2,17.708,16.9167,30.5,9.7083,6.1562,17
2025,2,Córdoba,PM10,22.5097,22.9166,33.5833,10.0,6.5844,16
2025,2,La Boca,CO,0.2684,0.256,0.4871,0.1496,0.0742,28
2025,2,La Boca,NO2,18.7604,18.6913,27.4167,11.4167,3.5653,28
2025,2,La Boca,PM10,24.2354,25.0208,38.1667,8.9167,8.0019,20
2025,3,Centenario,CO,0.4077,0.4133,0.56,0.2288,0.0839,30
2025,3,Centenario,NO2,12.8088,12.6667,19.375,6.9583,3.6648,30
2025,3,Centenario,PM10,17.8087,17.7084,26.375,8.625,4.4673,30
2025,3,Córdoba,CO,0.4292,0.4021,0.7267,0.1687,0.1488,30
2025,3,Córdoba,NO2,16.9148,17.1875,23.2667,8.0,4.5948,22
2025,3,Córdoba,PM10,21.3417,22.1458,35.75,9.4167,5.9937,30
2025,3,La Boca,CO,0.2262,0.2414,0.3567,0.0942,0.0891,25
2025,3,La Boca,NO2,18.4046,17.4583,30.5417,9.125,4.6661,25
2025,3,La Boca,PM10,18.8095,18.6458,28.875,7.375,6.017,30
2025,4,Centenario,CO,0.4427,0.4194,0.9004,0.2496,0.1475,28
2025,4,Centenario,NO2,14.2867,12.875,23.2917,7.4583,4.4558,28
2025,4,Centenario,PM10,22.3363,19.8542,51.75,12.4583,8.7084,28
2025,4,Córdoba,CO,0.636,0.5848,1.2446,0.3121,0.206,28
2025,4,Córdoba,NO2,19.3619,19.4166,31.1667,8.9583,5.0822,28
2025,4,Córdoba,PM10,24.8545,23.304,48.6364,14.7917,8.634,20
2025,4,La Boca,CO,0.2866,0.2894,0.46,0.0967,0.0903,28
2025,4,La Boca,NO2,28.5852,28.875,45.875,13.3333,7.4756,28
2025,4,La Boca,PM10,22.3616,20.0834,57.5833,11.2083,9.3442,28
2025,5,Centenario,CO,0.4399,0.4058,0.8579,0.2675,0.1397,31
2025,5,Centenario,NO2,16.0164,14.7083,24.7083,8.25,4.3662,31
2025,5,Centenario,PM10,20.3212,20.4583,36.4583,10.1667,6.4856,31
2025,5,Córdoba,CO,0.7307,0.7429,1.1575,0.4008,0.188,31
2025,5,Córdoba,NO2,21.5034,21.75,32.2917,10.25,5.6006,31
2025,5,Córdoba,PM10,20.9257,20.4167,31.7917,12.4167,5.0642,30
2025,5,La Boca,CO,0.3392,0.3458,0.5254,0.1575,0.1007,31
2025,5,La Boca,NO2,32.1907,33.0,45.0417,18.7917,6.0331,31
2025,5,La Boca,PM10,20.5417,19.9167,32.4583,8.5417,6.3276,31
2025,6,Centenario,CO,0.5994,0.5288,1.5217,0.2633,0.271,28
2025,6,Centenario,NO2,18.7623,19.3986,31.2083,7.875,6.3315,30
2025,6,Centenario,PM10,28.9611,27.0417,46.4167,14.0417,10.0391,30
2025,6,Córdoba,CO,0.8128,0.724,1.9738,0.3942,0.3235,30
2025,6,Córdoba,NO2,24.6677,22.9167,38.7391,14.125,6.5194,30
2025,6,Córdoba,PM10,27.9458,26.0834,46.75,13.25,9.0863,30
2025,6,La Boca,CO,0.4115,0.4144,0.6221,0.1846,0.123,30
2025,6,La Boca,NO2,36.645,36.7854,52.4167,18.4167,8.303,30
2025,6,La Boca,PM10,31.228,29.9167,60.8333,10.2917,14.1023,27
2025,7,Centenario,CO,0.704,0.7333,1.3742,0.1804,0.3189,31
2025,7,Centenario,NO2,15.9994,15.875,27.0417,8.2381,4.2059,31
2025,7,Centenario,PM10,24.535,22.1667,48.1667,15.0,8.5282,31
2025,7,Córdoba,CO,0.7582,0.7125,1.4267,0.4,0.2401,31
2025,7,Córdoba,NO2,22.1459,21.3333,33.2917,13.875,5.2789,31
2025,7,Córdoba,PM10,26.178,22.8958,53.7083,15.25,9.4944,28
2025,7,La Boca,CO,0.3652,0.3542,0.5392,0.2117,0.0995,31
2025,7,La Boca,NO2,34.1934,33.625,56.9167,20.3333,7.455,31
2025,7,La Boca,PM10,24.418,22.4167,51.5833,11.0417,9.2379,31
2025,8,Centenario,CO,0.4656,0.4475,0.7454,0.3312,0.1073,31
2025,8,Centenario,NO2,15.2125,15.0,26.8333,9.4545,4.3365,31
2025,8,Centenario,PM10,21.621,20.9583,34.0833,9.4167,6.2436,31
2025,8,Córdoba,CO,0.6949,0.6621,1.0025,0.4546,0.1451,31
2025,8,Córdoba,NO2,22.738,23.2355,33.625,14.5556,4.9213,26
2025,8,Córdoba,PM10,23.1909,22.375,37.0,12.0417,5.8965,31
2025,8,La Boca,CO,0.3098,0.3096,0.4967,0.1992,0.0862,31
2025,8,La Boca,NO2,33.1107,31.5,49.7917,21.625,7.8112,31
2025,8,La Boca,PM10,21.6947,20.4792,41.25,7.8333,7.7286,30
2025,9,Centenario,CO,0.4263,0.4116,0.6954,0.2871,0.0974,30
2025,9,Centenario,NO2,16.2549,15.9991,24.5,8.5238,4.3743,30
2025,9,Centenario,PM10,18.6009,17.5299,32.1667,8.5833,5.226,28
2025,9,Córdoba,CO,0.5928,0.6043,0.8988,0.3071,0.1455,30
2025,9,Córdoba,NO2,16.5963,16.0625,25.7917,7.0,5.4413,30
2025,9,Córdoba,PM10,21.0214,20.25,38.2083,11.0,5.9059,27
2025,9,La Boca,CO,0.2929,0.2964,0.4271,0.1888,0.0661,30
2025,9,La Boca,NO2,30.0176,28.6875,45.625,19.4583,6.0367,30
2025,9,La Boca,PM10,18.4846,18.25,32.5,5.6667,6.2629,29
2025,10,Centenario,CO,0.4415,0.4242,0.7504,0.3,0.0867,31
2025,10,Centenario,NO2,14.9277,14.8333,23.375,7.0833,4.0332,31
2025,10,Centenario,PM10,17.3629,17.4167,24.7917,10.4167,4.2201,31
2025,10,Córdoba,CO,0.4841,0.4762,0.7821,0.2717,0.142,31
2025,10,Córdoba,NO2,14.0953,13.875,21.875,5.6667,4.0629,31
2025,10,Córdoba,PM10,20.2782,19.4583,29.875,13.625,4.7406,31
2025,10,La Boca,CO,0.2828,0.2854,0.4254,0.1742,0.0714,31
2025,10,La Boca,NO2,24.5069,23.9583,35.7391,12.6667,6.5721,31
2025,10,La Boca,PM10,20.5591,19.6667,36.1667,9.7917,7.0691,31
2025,11,Centenario,CO,0.4162,0.391,0.7758,0.1892,0.1655,26
2025,11,Centenario,NO2,14.7043,15.0208,22.5417,7.25,4.1938,26
2025,11,Centenario,PM10,23.476,18.125,99.0,13.2083,17.9413,26
2025,11,Córdoba,CO,0.4888,0.4546,0.9467,0.1154,0.1631,30
2025,11,Córdoba,NO2,15.1054,14.3542,24.913,7.625,4.0134,30
2025,11,Córdoba,PM10,30.5463,23.0208,135.5833,15.8421,24.6653,26
2025,11,La Boca,CO,0.28,0.2577,0.4454,0.145,0.078,28
2025,11,La Boca,NO2,22.9436,22.7917,35.5417,13.875,5.2466,28
2025,11,La Boca,PM10,27.6473,23.6458,116.4167,12.0,20.6608,28
2025,12,Centenario,CO,0.4326,0.3662,0.856,0.1687,0.1823,31
2025,12,Centenario,NO2,17.3953,18.25,29.125,6.5833,5.839,31
2025,12,Centenario,PM10,24.2785,22.5417,39.5417,13.5833,7.6561,25
2025,12,Córdoba,CO,0.4988,0.4912,0.7687,0.1121,0.1662,31
2025,12,Córdoba,NO2,20.7089,19.3333,33.125,10.0417,6.378,31
2025,12,Córdoba,PM10,29.7847,28.3958,48.0,15.6667,8.0767,30
2025,12,La Boca,CO,0.306,0.3242,0.4708,0.1708,0.0785,31
2025,12,La Boca,NO2,22.3671,21.4583,39.5833,11.4583,7.2264,31
2025,12,La Boca,PM10,32.2361,29.5208,52.1667,12.7083,10.3367,26
2026,1,Centenario,CO,0.3542,0.3496,0.5967,0.1278,0.1231,31
2026,1,Centenario,NO2,9.0323,8.75,14.6667,4.1667,2.6045,31
2026,1,Centenario,PM10,21.8033,19.2917,38.8333,11.5417,6.9657,31
2026,1,Córdoba,CO,0.315,0.3129,0.6088,0.12,0.1176,31
2026,1,Córdoba,NO2,15.8629,15.0417,23.5417,9.9167,4.2891,31
2026,1,Córdoba,PM10,27.7997,26.25,49.5417,17.5417,8.3212,31
2026,1,La Boca,CO,0.2262,0.2121,0.3162,0.1592,0.0451,31
2026,1,La Boca,NO2,18.1793,18.4167,31.25,8.5,4.4423,31
2026,1,La Boca,PM10,32.789,31.7917,48.5,16.8333,7.7719,31
2026,2,Centenario,CO,0.3614,0.3365,0.5246,0.2442,0.0827,28
2026,2,Centenario,NO2,10.1529,9.545,17.6667,4.5417,3.5814,28
2026,2,Centenario,PM10,19.6567,17.5833,37.9167,9.375,7.6246,25
2026,2,Córdoba,CO,0.4702,0.4486,0.8846,0.2808,0.1657,28
2026,2,Córdoba,NO2,18.5097,16.5,34.125,8.9583,6.1288,28
2026,2,Córdoba,PM10,26.8648,25.4583,50.125,12.6667,10.0663,28
2026,2,La Boca,CO,0.2546,0.2366,0.415,0.1546,0.0703,28
2026,2,La Boca,NO2,17.6664,17.2292,30.9167,7.3333,6.2659,28
2026,2,La Boca,PM10,32.598,31.1042,61.9583,14.3333,13.9549,28
2026,3,Centenario,CO,0.3211,0.3088,0.6833,0.1488,0.1206,31
2026,3,Centenario,NO2,11.5091,11.0417,26.2917,4.1667,4.6796,31
2026,3,Centenario,PM10,16.9788,15.75,38.875,8.5,6.3191,29
2026,3,Córdoba,CO,0.4886,0.4475,1.1471,0.3017,0.1627,31
2026,3,Córdoba,NO2,17.7167,16.7083,34.7917,7.6667,6.0277,31
2026,3,Córdoba,PM10,22.5603,21.375,49.9583,12.5417,7.4956,29
2026,3,La Boca,CO,0.264,0.2588,0.4888,0.1608,0.0717,31
2026,3,La Boca,NO2,24.0553,22.4167,48.1667,13.7083,8.9251,31
2026,3,La Boca,PM10,24.1087,22.2083,67.3,6.2917,11.9018,29
2026,4,Centenario,CO,0.4683,0.4433,0.845,0.1892,0.1502,29
2026,4,Centenario,NO2,14.5497,13.9973,23.4167,8.7917,3.6042,28
2026,4,Centenario,PM10,21.9285,18.625,39.5,7.4444,8.8148,27
2026,4,Córdoba,CO,0.6228,0.5441,1.2192,0.3388,0.213,30
2026,4,Córdoba,NO2,22.3181,22.7292,34.2083,15.0417,4.8757,30
2026,4,Córdoba,PM10,28.2315,26.8333,44.7083,18.0417,7.649,27
2026,4,La Boca,CO,0.2982,0.2956,0.4825,0.1558,0.0865,26
2026,4,La Boca,NO2,32.7884,33.3333,59.8333,15.4167,9.8942,27
2026,4,La Boca,PM10,19.8373,17.15,36.1053,5.0,10.1746,21
2026,5,Centenario,CO,0.4563,0.4458,0.8317,0.1779,0.1571,22
2026,5,Centenario,NO2,15.4653,16.3087,24.0,8.7826,4.3876,22
2026,5,Centenario,PM10,26.2159,26.7084,39.9583,13.7083,7.09,22
2026,5,Córdoba,CO,0.6602,0.6436,0.9692,0.4004,0.1629,22
2026,5,Córdoba,NO2,23.3314,23.1042,32.25,17.7917,4.1596,22
2026,5,Córdoba,PM10,30.2443,30.0208,47.1667,16.7083,8.0644,22
2026,5,La Boca,CO,0.3578,0.355,0.6075,0.1604,0.1196,21
2026,5,La Boca,NO2,29.6085,29.6666,38.8333,17.5417,6.3407,20
2026,5,La Boca,PM10,27.4424,27.625,49.0833,12.6667,8.1474,20
